,winner,losser,winner_name,losser_name
0,1,2,['Rafael-Nadal'],['Juan-Monaco']
1,1,3,['Rafael-Nadal'],['Juan-Martin-Del-Potro']
2,1,3,['Rafael-Nadal'],['Juan-Martin-Del-Potro']
3,1,3,['Rafael-Nadal'],['Juan-Martin-Del-Potro']
4,1,3,['Rafael-Nadal'],['Juan-Martin-Del-Potro']
5,1,4,['Rafael-Nadal'],['Mardy-Fish']
6,1,4,['Rafael-Nadal'],['Mardy-Fish']
7,1,4,['Rafael-Nadal'],['Mardy-Fish']
8,4,1,['Mardy-Fish'],['Rafael-Nadal']
9,1,5,['Rafael-Nadal'],['Roger-Federer']
10,1,5,['Rafael-Nadal'],['Roger-Federer']
11,1,5,['Rafael-Nadal'],['Roger-Federer']
12,5,1,['Roger-Federer'],['Rafael-Nadal']
13,1,6,['Rafael-Nadal'],['Jo-Wilfried-Tsonga']
14,6,1,['Jo-Wilfried-Tsonga'],['Rafael-Nadal']
15,6,1,['Jo-Wilfried-Tsonga'],['Rafael-Nadal']
16,1,7,['Rafael-Nadal'],['Guillermo-Garcia-Lopez']
17,8,1,['Florian-Mayer'],['Rafael-Nadal']
18,1,9,['Rafael-Nadal'],['Milos-Raonic']
19,1,10,['Rafael-Nadal'],['Santiago-Giraldo']
20,1,10,['Rafael-Nadal'],['Santiago-Giraldo']
21,1,11,['Rafael-Nadal'],['Andy-Murray']
22,1,11,['Rafael-Nadal'],['Andy-Murray']
23,1,11,['Rafael-Nadal'],['Andy-Murray']
24,1,11,['Rafael-Nadal'],['Andy-Murray']
25,11,1,['Andy-Murray'],['Rafael-Nadal']
26,1,12,['Rafael-Nadal'],['Richard-Gasquet']
27,1,12,['Rafael-Nadal'],['Richard-Gasquet']
28,1,12,['Rafael-Nadal'],['Richard-Gasquet']
29,1,13,['Rafael-Nadal'],['David-Nalbandian']
30,1,14,['Rafael-Nadal'],['Gilles-Muller']
31,1,14,['Rafael-Nadal'],['Gilles-Muller']
32,1,15,['Rafael-Nadal'],['Andy-Roddick']
33,16,1,['Novak-Djokovic'],['Rafael-Nadal']
34,16,1,['Novak-Djokovic'],['Rafael-Nadal']
35,16,1,['Novak-Djokovic'],['Rafael-Nadal']
36,16,1,['Novak-Djokovic'],['Rafael-Nadal']
37,16,1,['Novak-Djokovic'],['Rafael-Nadal']
38,16,1,['Novak-Djokovic'],['Rafael-Nadal']
39,1,17,['Rafael-Nadal'],['Fernando-Verdasco']
40,1,18,['Rafael-Nadal'],['Ivan-Dodig']
41,18,1,['Ivan-Dodig'],['Rafael-Nadal']
42,1,19,['Rafael-Nadal'],['Ryan-Sweeting']
43,1,19,['Rafael-Nadal'],['Ryan-Sweeting']
44,1,19,['Rafael-Nadal'],['Ryan-Sweeting']
45,1,20,['Rafael-Nadal'],['Radek-Stepanek']
46,1,21,['Rafael-Nadal'],['John-Isner']
47,1,22,['Rafael-Nadal'],['Pablo-Andujar']
48,1,23,['Rafael-Nadal'],['Ivan-Ljubicic']
49,1,23,['Rafael-Nadal'],['Ivan-Ljubicic']
50,1,24,['Rafael-Nadal'],['Robin-Soderling']
51,1,25,['Rafael-Nadal'],['Feliciano-Lopez']
52,1,25,['Rafael-Nadal'],['Feliciano-Lopez']
53,1,26,['Rafael-Nadal'],['Marin-Cilic']
54,1,26,['Rafael-Nadal'],['Marin-Cilic']
55,1,27,['Rafael-Nadal'],['Marcos-Baghdatis']
56,1,28,['Rafael-Nadal'],['Michael-Llodra']
57,1,29,['Rafael-Nadal'],['Gael-Monfils']
58,1,30,['Rafael-Nadal'],['David-Ferrer']
59,1,30,['Rafael-Nadal'],['David-Ferrer']
60,30,1,['David-Ferrer'],['Rafael-Nadal']
61,1,31,['Rafael-Nadal'],['Jarkko-Nieminen']
62,1,32,['Rafael-Nadal'],['Kei-Nishikori']
63,1,33,['Rafael-Nadal'],['Alexandr-Dolgopolov']
64,1,34,['Rafael-Nadal'],['Tomas-Berdych']
65,1,35,['Rafael-Nadal'],['Somdev-K-Devvarman']
66,1,36,['Rafael-Nadal'],['Ivo-Karlovic']
67,1,37,['Rafael-Nadal'],['Olivier-Rochus']
68,1,38,['Rafael-Nadal'],['Bernard-Tomic']
69,1,39,['Rafael-Nadal'],['Karol-Beck']
70,1,40,['Rafael-Nadal'],['Ernests-Gulbis']
71,41,1,['Nikolay-Davydenko'],['Rafael-Nadal']
72,2,42,['Juan-Monaco'],['Gilles-Simon']
73,2,4,['Juan-Monaco'],['Mardy-Fish']
74,2,4,['Juan-Monaco'],['Mardy-Fish']
75,5,2,['Roger-Federer'],['Juan-Monaco']
76,5,2,['Roger-Federer'],['Juan-Monaco']
77,5,2,['Roger-Federer'],['Juan-Monaco']
78,2,43,['Juan-Monaco'],['Nicolas-Almagro']
79,2,44,['Juan-Monaco'],['Fabio-Fognini']
80,2,45,['Juan-Monaco'],['Juan-Carlos-Ferrero']
81,2,30,['Juan-Monaco'],['David-Ferrer']
82,30,2,['David-Ferrer'],['Juan-Monaco']
83,46,2,['Marcel-Granollers'],['Juan-Monaco']
84,47,2,['Stanislas-Wawrinka'],['Juan-Monaco']
85,47,2,['Stanislas-Wawrinka'],['Juan-Monaco']
86,18,2,['Ivan-Dodig'],['Juan-Monaco']
87,2,48,['Juan-Monaco'],['Janko-Tipsarevic']
88,48,2,['Janko-Tipsarevic'],['Juan-Monaco']
89,2,49,['Juan-Monaco'],['Andreas-Seppi']
90,2,49,['Juan-Monaco'],['Andreas-Seppi']
91,2,20,['Juan-Monaco'],['Radek-Stepanek']
92,2,32,['Juan-Monaco'],['Kei-Nishikori']
93,15,2,['Andy-Roddick'],['Juan-Monaco']
94,34,2,['Tomas-Berdych'],['Juan-Monaco']
95,34,2,['Tomas-Berdych'],['Juan-Monaco']
96,34,2,['Tomas-Berdych'],['Juan-Monaco']
97,36,2,['Ivo-Karlovic'],['Juan-Monaco']
98,2,50,['Juan-Monaco'],['Simone-Bolelli']
99,8,2,['Florian-Mayer'],['Juan-Monaco']
100,8,2,['Florian-Mayer'],['Juan-Monaco']
101,2,51,['Juan-Monaco'],['Carlos-Berlocq']
102,2,52,['Juan-Monaco'],['Mikhail-Kukushkin']
103,53,2,['Mikhail-Youzhny'],['Juan-Monaco']
104,17,2,['Fernando-Verdasco'],['Juan-Monaco']
105,2,29,['Juan-Monaco'],['Gael-Monfils']
106,25,2,['Feliciano-Lopez'],['Juan-Monaco']
107,2,54,['Juan-Monaco'],['Grigor-Dimitrov']
108,6,2,['Jo-Wilfried-Tsonga'],['Juan-Monaco']
109,2,55,['Juan-Monaco'],['Sergiy-Stakhovsky']
110,19,2,['Ryan-Sweeting'],['Juan-Monaco']
111,2,56,['Juan-Monaco'],['Victor-Hanescu']
112,2,57,['Juan-Monaco'],['Horacio-Zeballos']
113,2,58,['Juan-Monaco'],['Pablo-Cuevas']
114,2,59,['Juan-Monaco'],['Eduardo-Schwank']
115,60,2,['Robin-Haase'],['Juan-Monaco']
116,61,2,['Adrian-Mannarino'],['Juan-Monaco']
117,30,3,['David-Ferrer'],['Juan-Martin-Del-Potro']
118,3,62,['Juan-Martin-Del-Potro'],['Dmitry-Tursunov']
119,3,63,['Juan-Martin-Del-Potro'],['Kevin-Anderson']
120,3,63,['Juan-Martin-Del-Potro'],['Kevin-Anderson']
121,3,63,['Juan-Martin-Del-Potro'],['Kevin-Anderson']
122,3,64,['Juan-Martin-Del-Potro'],['Sam-Querrey']
123,46,3,['Marcel-Granollers'],['Juan-Martin-Del-Potro']
124,3,65,['Juan-Martin-Del-Potro'],['Philipp-Petzschner']
125,6,3,['Jo-Wilfried-Tsonga'],['Juan-Martin-Del-Potro']
126,3,66,['Juan-Martin-Del-Potro'],['James-Blake']
127,66,3,['James-Blake'],['Juan-Martin-Del-Potro']
128,3,48,['Juan-Martin-Del-Potro'],['Janko-Tipsarevic']
129,3,48,['Juan-Martin-Del-Potro'],['Janko-Tipsarevic']
130,3,16,['Juan-Martin-Del-Potro'],['Novak-Djokovic']
131,16,3,['Novak-Djokovic'],['Juan-Martin-Del-Potro']
132,3,42,['Juan-Martin-Del-Potro'],['Gilles-Simon']
133,42,3,['Gilles-Simon'],['Juan-Martin-Del-Potro']
134,3,49,['Juan-Martin-Del-Potro'],['Andreas-Seppi']
135,5,3,['Roger-Federer'],['Juan-Martin-Del-Potro']
136,3,31,['Juan-Martin-Del-Potro'],['Jarkko-Nieminen']
137,3,26,['Juan-Martin-Del-Potro'],['Marin-Cilic']
138,26,3,['Marin-Cilic'],['Juan-Martin-Del-Potro']
139,40,3,['Ernests-Gulbis'],['Juan-Martin-Del-Potro']
140,3,52,['Juan-Martin-Del-Potro'],['Mikhail-Kukushkin']
141,3,37,['Juan-Martin-Del-Potro'],['Olivier-Rochus']
142,3,67,['Juan-Martin-Del-Potro'],['Denis-Istomin']
143,3,68,['Juan-Martin-Del-Potro'],['Igor-Kunitsyn']
144,61,3,['Adrian-Mannarino'],['Juan-Martin-Del-Potro']
145,3,36,['Juan-Martin-Del-Potro'],['Ivo-Karlovic']
146,3,53,['Juan-Martin-Del-Potro'],['Mikhail-Youzhny']
147,3,24,['Juan-Martin-Del-Potro'],['Robin-Soderling']
148,3,24,['Juan-Martin-Del-Potro'],['Robin-Soderling']
149,3,58,['Juan-Martin-Del-Potro'],['Pablo-Cuevas']
150,3,17,['Juan-Martin-Del-Potro'],['Fernando-Verdasco']
151,17,3,['Fernando-Verdasco'],['Juan-Martin-Del-Potro']
152,3,69,['Juan-Martin-Del-Potro'],['Philipp-Kohlschreiber']
153,3,69,['Juan-Martin-Del-Potro'],['Philipp-Kohlschreiber']
154,3,4,['Juan-Martin-Del-Potro'],['Mardy-Fish']
155,4,3,['Mardy-Fish'],['Juan-Martin-Del-Potro']
156,3,20,['Juan-Martin-Del-Potro'],['Radek-Stepanek']
157,3,23,['Juan-Martin-Del-Potro'],['Ivan-Ljubicic']
158,3,33,['Juan-Martin-Del-Potro'],['Alexandr-Dolgopolov']
159,3,70,['Juan-Martin-Del-Potro'],['Tommy-Robredo']
160,3,21,['Juan-Martin-Del-Potro'],['John-Isner']
161,3,18,['Juan-Martin-Del-Potro'],['Ivan-Dodig']
162,15,3,['Andy-Roddick'],['Juan-Martin-Del-Potro']
163,3,71,['Juan-Martin-Del-Potro'],['Lleyton-Hewitt']
164,27,3,['Marcos-Baghdatis'],['Juan-Martin-Del-Potro']
165,3,25,['Juan-Martin-Del-Potro'],['Feliciano-Lopez']
166,8,3,['Florian-Mayer'],['Juan-Martin-Del-Potro']
167,6,4,['Jo-Wilfried-Tsonga'],['Mardy-Fish']
168,6,4,['Jo-Wilfried-Tsonga'],['Mardy-Fish']
169,5,4,['Roger-Federer'],['Mardy-Fish']
170,4,8,['Mardy-Fish'],['Florian-Mayer']
171,66,4,['James-Blake'],['Mardy-Fish']
172,4,38,['Mardy-Fish'],['Bernard-Tomic']
173,38,4,['Bernard-Tomic'],['Mardy-Fish']
174,4,72,['Mardy-Fish'],['Ryan-Harrison']
175,4,72,['Mardy-Fish'],['Ryan-Harrison']
176,4,72,['Mardy-Fish'],['Ryan-Harrison']
177,4,40,['Mardy-Fish'],['Ernests-Gulbis']
178,4,40,['Mardy-Fish'],['Ernests-Gulbis']
179,40,4,['Ernests-Gulbis'],['Mardy-Fish']
180,4,63,['Mardy-Fish'],['Kevin-Anderson']
181,4,41,['Mardy-Fish'],['Nikolay-Davydenko']
182,4,12,['Mardy-Fish'],['Richard-Gasquet']
183,4,12,['Mardy-Fish'],['Richard-Gasquet']
184,11,4,['Andy-Murray'],['Mardy-Fish']
185,4,25,['Mardy-Fish'],['Feliciano-Lopez']
186,25,4,['Feliciano-Lopez'],['Mardy-Fish']
187,4,47,['Mardy-Fish'],['Stanislas-Wawrinka']
188,4,48,['Mardy-Fish'],['Janko-Tipsarevic']
189,16,4,['Novak-Djokovic'],['Mardy-Fish']
190,16,4,['Novak-Djokovic'],['Mardy-Fish']
191,4,14,['Mardy-Fish'],['Gilles-Muller']
192,4,68,['Mardy-Fish'],['Igor-Kunitsyn']
193,4,35,['Mardy-Fish'],['Somdev-K-Devvarman']
194,4,21,['Mardy-Fish'],['John-Isner']
195,21,4,['John-Isner'],['Mardy-Fish']
196,4,30,['Mardy-Fish'],['David-Ferrer']
197,30,4,['David-Ferrer'],['Mardy-Fish']
198,4,46,['Mardy-Fish'],['Marcel-Granollers']
199,4,67,['Mardy-Fish'],['Denis-Istomin']
200,4,60,['Mardy-Fish'],['Robin-Haase']
201,4,60,['Mardy-Fish'],['Robin-Haase']
202,4,34,['Mardy-Fish'],['Tomas-Berdych']
203,42,4,['Gilles-Simon'],['Mardy-Fish']
204,4,10,['Mardy-Fish'],['Santiago-Giraldo']
205,4,23,['Mardy-Fish'],['Ivan-Ljubicic']
206,26,4,['Marin-Cilic'],['Mardy-Fish']
207,4,73,['Mardy-Fish'],['Albert-Ramos']
208,32,4,['Kei-Nishikori'],['Mardy-Fish']
209,9,4,['Milos-Raonic'],['Mardy-Fish']
210,9,4,['Milos-Raonic'],['Mardy-Fish']
211,4,64,['Mardy-Fish'],['Sam-Querrey']
212,4,56,['Mardy-Fish'],['Victor-Hanescu']
213,70,4,['Tommy-Robredo'],['Mardy-Fish']
214,4,61,['Mardy-Fish'],['Adrian-Mannarino']
215,20,4,['Radek-Stepanek'],['Mardy-Fish']
216,5,6,['Roger-Federer'],['Jo-Wilfried-Tsonga']
217,5,6,['Roger-Federer'],['Jo-Wilfried-Tsonga']
218,5,6,['Roger-Federer'],['Jo-Wilfried-Tsonga']
219,5,6,['Roger-Federer'],['Jo-Wilfried-Tsonga']
220,5,6,['Roger-Federer'],['Jo-Wilfried-Tsonga']
221,5,6,['Roger-Federer'],['Jo-Wilfried-Tsonga']
222,6,5,['Jo-Wilfried-Tsonga'],['Roger-Federer']
223,6,5,['Jo-Wilfried-Tsonga'],['Roger-Federer']
224,5,30,['Roger-Federer'],['David-Ferrer']
225,5,61,['Roger-Federer'],['Adrian-Mannarino']
226,5,61,['Roger-Federer'],['Adrian-Mannarino']
227,5,12,['Roger-Federer'],['Richard-Gasquet']
228,5,12,['Roger-Federer'],['Richard-Gasquet']
229,12,5,['Richard-Gasquet'],['Roger-Federer']
230,5,34,['Roger-Federer'],['Tomas-Berdych']
231,34,5,['Tomas-Berdych'],['Roger-Federer']
232,5,74,['Roger-Federer'],['Potito-Starace']
233,5,31,['Roger-Federer'],['Jarkko-Nieminen']
234,5,15,['Roger-Federer'],['Andy-Roddick']
235,5,47,['Roger-Federer'],['Stanislas-Wawrinka']
236,5,47,['Roger-Federer'],['Stanislas-Wawrinka']
237,5,47,['Roger-Federer'],['Stanislas-Wawrinka']
238,5,47,['Roger-Federer'],['Stanislas-Wawrinka']
239,5,32,['Roger-Federer'],['Kei-Nishikori']
240,5,71,['Roger-Federer'],['Lleyton-Hewitt']
241,5,38,['Roger-Federer'],['Bernard-Tomic']
242,5,10,['Roger-Federer'],['Santiago-Giraldo']
243,5,26,['Roger-Federer'],['Marin-Cilic']
244,5,26,['Roger-Federer'],['Marin-Cilic']
245,5,16,['Roger-Federer'],['Novak-Djokovic']
246,16,5,['Novak-Djokovic'],['Roger-Federer']
247,16,5,['Novak-Djokovic'],['Roger-Federer']
248,16,5,['Novak-Djokovic'],['Roger-Federer']
249,16,5,['Novak-Djokovic'],['Roger-Federer']
250,5,66,['Roger-Federer'],['James-Blake']
251,5,75,['Roger-Federer'],['Rui-Machado']
252,5,52,['Roger-Federer'],['Mikhail-Kukushkin']
253,5,13,['Roger-Federer'],['David-Nalbandian']
254,5,53,['Roger-Federer'],['Mikhail-Youzhny']
255,5,25,['Roger-Federer'],['Feliciano-Lopez']
256,5,25,['Roger-Federer'],['Feliciano-Lopez']
257,5,48,['Roger-Federer'],['Janko-Tipsarevic']
258,5,29,['Roger-Federer'],['Gael-Monfils']
259,5,76,['Roger-Federer'],['Xavier-Malisse']
260,5,76,['Roger-Federer'],['Xavier-Malisse']
261,5,24,['Roger-Federer'],['Robin-Soderling']
262,5,69,['Roger-Federer'],['Philipp-Kohlschreiber']
263,77,5,['Jurgen-Melzer'],['Roger-Federer']
264,5,20,['Roger-Federer'],['Radek-Stepanek']
265,5,37,['Roger-Federer'],['Olivier-Rochus']
266,5,42,['Roger-Federer'],['Gilles-Simon']
267,5,42,['Roger-Federer'],['Gilles-Simon']
268,5,78,['Roger-Federer'],['Igor-Andreev']
269,5,79,['Roger-Federer'],['Juan-Ignacio-Chela']
270,5,72,['Roger-Federer'],['Ryan-Harrison']
271,5,35,['Roger-Federer'],['Somdev-K-Devvarman']
272,5,46,['Roger-Federer'],['Marcel-Granollers']
273,5,55,['Roger-Federer'],['Sergiy-Stakhovsky']
274,5,70,['Roger-Federer'],['Tommy-Robredo']
275,5,80,['Roger-Federer'],['Viktor-Troicki']
276,5,41,['Roger-Federer'],['Nikolay-Davydenko']
277,6,34,['Jo-Wilfried-Tsonga'],['Tomas-Berdych']
278,6,34,['Jo-Wilfried-Tsonga'],['Tomas-Berdych']
279,34,6,['Tomas-Berdych'],['Jo-Wilfried-Tsonga']
280,6,7,['Jo-Wilfried-Tsonga'],['Guillermo-Garcia-Lopez']
281,6,7,['Jo-Wilfried-Tsonga'],['Guillermo-Garcia-Lopez']
282,6,49,['Jo-Wilfried-Tsonga'],['Andreas-Seppi']
283,6,49,['Jo-Wilfried-Tsonga'],['Andreas-Seppi']
284,6,16,['Jo-Wilfried-Tsonga'],['Novak-Djokovic']
285,16,6,['Novak-Djokovic'],['Jo-Wilfried-Tsonga']
286,16,6,['Novak-Djokovic'],['Jo-Wilfried-Tsonga']
287,6,21,['Jo-Wilfried-Tsonga'],['John-Isner']
288,64,6,['Sam-Querrey'],['Jo-Wilfried-Tsonga']
289,6,31,['Jo-Wilfried-Tsonga'],['Jarkko-Nieminen']
290,6,76,['Jo-Wilfried-Tsonga'],['Xavier-Malisse']
291,76,6,['Xavier-Malisse'],['Jo-Wilfried-Tsonga']
292,32,6,['Kei-Nishikori'],['Jo-Wilfried-Tsonga']
293,6,54,['Jo-Wilfried-Tsonga'],['Grigor-Dimitrov']
294,6,54,['Jo-Wilfried-Tsonga'],['Grigor-Dimitrov']
295,6,54,['Jo-Wilfried-Tsonga'],['Grigor-Dimitrov']
296,6,45,['Jo-Wilfried-Tsonga'],['Juan-Carlos-Ferrero']
297,6,33,['Jo-Wilfried-Tsonga'],['Alexandr-Dolgopolov']
298,33,6,['Alexandr-Dolgopolov'],['Jo-Wilfried-Tsonga']
299,33,6,['Alexandr-Dolgopolov'],['Jo-Wilfried-Tsonga']
300,6,23,['Jo-Wilfried-Tsonga'],['Ivan-Ljubicic']
301,6,23,['Jo-Wilfried-Tsonga'],['Ivan-Ljubicic']
302,23,6,['Ivan-Ljubicic'],['Jo-Wilfried-Tsonga']
303,6,81,['Jo-Wilfried-Tsonga'],['Yen-Hsun-Lu']
304,6,17,['Jo-Wilfried-Tsonga'],['Fernando-Verdasco']
305,6,26,['Jo-Wilfried-Tsonga'],['Marin-Cilic']
306,82,6,['Alex-Bogomolov-Jr'],['Jo-Wilfried-Tsonga']
307,6,44,['Jo-Wilfried-Tsonga'],['Fabio-Fognini']
308,6,38,['Jo-Wilfried-Tsonga'],['Bernard-Tomic']
309,6,43,['Jo-Wilfried-Tsonga'],['Nicolas-Almagro']
310,6,43,['Jo-Wilfried-Tsonga'],['Nicolas-Almagro']
311,6,69,['Jo-Wilfried-Tsonga'],['Philipp-Kohlschreiber']
312,6,83,['Jo-Wilfried-Tsonga'],['Fernando-Gonzalez']
313,6,30,['Jo-Wilfried-Tsonga'],['David-Ferrer']
314,6,67,['Jo-Wilfried-Tsonga'],['Denis-Istomin']
315,20,6,['Radek-Stepanek'],['Jo-Wilfried-Tsonga']
316,6,84,['Jo-Wilfried-Tsonga'],['Michael-Berrer']
317,6,28,['Jo-Wilfried-Tsonga'],['Michael-Llodra']
318,6,28,['Jo-Wilfried-Tsonga'],['Michael-Llodra']
319,11,6,['Andy-Murray'],['Jo-Wilfried-Tsonga']
320,6,78,['Jo-Wilfried-Tsonga'],['Igor-Andreev']
321,47,6,['Stanislas-Wawrinka'],['Jo-Wilfried-Tsonga']
322,6,27,['Jo-Wilfried-Tsonga'],['Marcos-Baghdatis']
323,6,85,['Jo-Wilfried-Tsonga'],['Pere-Riba']
324,24,6,['Robin-Soderling'],['Jo-Wilfried-Tsonga']
325,24,6,['Robin-Soderling'],['Jo-Wilfried-Tsonga']
326,58,6,['Pablo-Cuevas'],['Jo-Wilfried-Tsonga']
327,6,55,['Jo-Wilfried-Tsonga'],['Sergiy-Stakhovsky']
328,53,6,['Mikhail-Youzhny'],['Jo-Wilfried-Tsonga']
329,6,65,['Jo-Wilfried-Tsonga'],['Philipp-Petzschner']
330,6,86,['Jo-Wilfried-Tsonga'],['Ruben-Ramirez-Hidalgo']
331,7,10,['Guillermo-Garcia-Lopez'],['Santiago-Giraldo']
332,10,7,['Santiago-Giraldo'],['Guillermo-Garcia-Lopez']
333,7,66,['Guillermo-Garcia-Lopez'],['James-Blake']
334,77,7,['Jurgen-Melzer'],['Guillermo-Garcia-Lopez']
335,63,7,['Kevin-Anderson'],['Guillermo-Garcia-Lopez']
336,63,7,['Kevin-Anderson'],['Guillermo-Garcia-Lopez']
337,7,35,['Guillermo-Garcia-Lopez'],['Somdev-K-Devvarman']
338,7,35,['Guillermo-Garcia-Lopez'],['Somdev-K-Devvarman']
339,35,7,['Somdev-K-Devvarman'],['Guillermo-Garcia-Lopez']
340,35,7,['Somdev-K-Devvarman'],['Guillermo-Garcia-Lopez']
341,42,7,['Gilles-Simon'],['Guillermo-Garcia-Lopez']
342,7,20,['Guillermo-Garcia-Lopez'],['Radek-Stepanek']
343,87,7,['Lukasz-Kubot'],['Guillermo-Garcia-Lopez']
344,39,7,['Karol-Beck'],['Guillermo-Garcia-Lopez']
345,7,88,['Guillermo-Garcia-Lopez'],['Robert-Kendrick']
346,44,7,['Fabio-Fognini'],['Guillermo-Garcia-Lopez']
347,76,7,['Xavier-Malisse'],['Guillermo-Garcia-Lopez']
348,7,47,['Guillermo-Garcia-Lopez'],['Stanislas-Wawrinka']
349,16,7,['Novak-Djokovic'],['Guillermo-Garcia-Lopez']
350,7,67,['Guillermo-Garcia-Lopez'],['Denis-Istomin']
351,25,7,['Feliciano-Lopez'],['Guillermo-Garcia-Lopez']
352,12,7,['Richard-Gasquet'],['Guillermo-Garcia-Lopez']
353,58,7,['Pablo-Cuevas'],['Guillermo-Garcia-Lopez']
354,72,7,['Ryan-Harrison'],['Guillermo-Garcia-Lopez']
355,41,7,['Nikolay-Davydenko'],['Guillermo-Garcia-Lopez']
356,34,7,['Tomas-Berdych'],['Guillermo-Garcia-Lopez']
357,7,82,['Guillermo-Garcia-Lopez'],['Alex-Bogomolov-Jr']
358,18,7,['Ivan-Dodig'],['Guillermo-Garcia-Lopez']
359,7,84,['Guillermo-Garcia-Lopez'],['Michael-Berrer']
360,7,59,['Guillermo-Garcia-Lopez'],['Eduardo-Schwank']
361,11,7,['Andy-Murray'],['Guillermo-Garcia-Lopez']
362,55,7,['Sergiy-Stakhovsky'],['Guillermo-Garcia-Lopez']
363,7,52,['Guillermo-Garcia-Lopez'],['Mikhail-Kukushkin']
364,8,20,['Florian-Mayer'],['Radek-Stepanek']
365,8,20,['Florian-Mayer'],['Radek-Stepanek']
366,20,8,['Radek-Stepanek'],['Florian-Mayer']
367,8,48,['Florian-Mayer'],['Janko-Tipsarevic']
368,8,23,['Florian-Mayer'],['Ivan-Ljubicic']
369,23,8,['Ivan-Ljubicic'],['Florian-Mayer']
370,47,8,['Stanislas-Wawrinka'],['Florian-Mayer']
371,8,44,['Florian-Mayer'],['Fabio-Fognini']
372,8,13,['Florian-Mayer'],['David-Nalbandian']
373,25,8,['Feliciano-Lopez'],['Florian-Mayer']
374,25,8,['Feliciano-Lopez'],['Florian-Mayer']
375,8,73,['Florian-Mayer'],['Albert-Ramos']
376,8,73,['Florian-Mayer'],['Albert-Ramos']
377,8,51,['Florian-Mayer'],['Carlos-Berlocq']
378,8,22,['Florian-Mayer'],['Pablo-Andujar']
379,8,61,['Florian-Mayer'],['Adrian-Mannarino']
380,30,8,['David-Ferrer'],['Florian-Mayer']
381,8,36,['Florian-Mayer'],['Ivo-Karlovic']
382,36,8,['Ivo-Karlovic'],['Florian-Mayer']
383,12,8,['Richard-Gasquet'],['Florian-Mayer']
384,12,8,['Richard-Gasquet'],['Florian-Mayer']
385,8,43,['Florian-Mayer'],['Nicolas-Almagro']
386,43,8,['Nicolas-Almagro'],['Florian-Mayer']
387,76,8,['Xavier-Malisse'],['Florian-Mayer']
388,8,89,['Florian-Mayer'],['Dustin-Brown']
389,8,81,['Florian-Mayer'],['Yen-Hsun-Lu']
390,29,8,['Gael-Monfils'],['Florian-Mayer']
391,8,68,['Florian-Mayer'],['Igor-Kunitsyn']
392,8,80,['Florian-Mayer'],['Viktor-Troicki']
393,8,80,['Florian-Mayer'],['Viktor-Troicki']
394,80,8,['Viktor-Troicki'],['Florian-Mayer']
395,8,46,['Florian-Mayer'],['Marcel-Granollers']
396,8,77,['Florian-Mayer'],['Jurgen-Melzer']
397,8,79,['Florian-Mayer'],['Juan-Ignacio-Chela']
398,11,8,['Andy-Murray'],['Florian-Mayer']
399,90,8,['Thomaz-Bellucci'],['Florian-Mayer']
400,8,54,['Florian-Mayer'],['Grigor-Dimitrov']
401,8,65,['Florian-Mayer'],['Philipp-Petzschner']
402,8,41,['Florian-Mayer'],['Nikolay-Davydenko']
403,41,8,['Nikolay-Davydenko'],['Florian-Mayer']
404,8,53,['Florian-Mayer'],['Mikhail-Youzhny']
405,8,91,['Florian-Mayer'],['Albert-Montanes']
406,34,8,['Tomas-Berdych'],['Florian-Mayer']
407,8,26,['Florian-Mayer'],['Marin-Cilic']
408,26,8,['Marin-Cilic'],['Florian-Mayer']
409,8,31,['Florian-Mayer'],['Jarkko-Nieminen']
410,16,8,['Novak-Djokovic'],['Florian-Mayer']
411,84,8,['Michael-Berrer'],['Florian-Mayer']
412,32,8,['Kei-Nishikori'],['Florian-Mayer']
413,8,74,['Florian-Mayer'],['Potito-Starace']
414,8,38,['Florian-Mayer'],['Bernard-Tomic']
415,26,9,['Marin-Cilic'],['Milos-Raonic']
416,9,27,['Milos-Raonic'],['Marcos-Baghdatis']
417,9,65,['Milos-Raonic'],['Philipp-Petzschner']
418,65,9,['Philipp-Petzschner'],['Milos-Raonic']
419,9,54,['Milos-Raonic'],['Grigor-Dimitrov']
420,9,29,['Milos-Raonic'],['Gael-Monfils']
421,29,9,['Gael-Monfils'],['Milos-Raonic']
422,9,28,['Milos-Raonic'],['Michael-Llodra']
423,9,28,['Milos-Raonic'],['Michael-Llodra']
424,9,28,['Milos-Raonic'],['Michael-Llodra']
425,30,9,['David-Ferrer'],['Milos-Raonic']
426,30,9,['David-Ferrer'],['Milos-Raonic']
427,30,9,['David-Ferrer'],['Milos-Raonic']
428,14,9,['Gilles-Muller'],['Milos-Raonic']
429,9,22,['Milos-Raonic'],['Pablo-Andujar']
430,84,9,['Michael-Berrer'],['Milos-Raonic']
431,9,17,['Milos-Raonic'],['Fernando-Verdasco']
432,9,17,['Milos-Raonic'],['Fernando-Verdasco']
433,17,9,['Fernando-Verdasco'],['Milos-Raonic']
434,17,9,['Fernando-Verdasco'],['Milos-Raonic']
435,25,9,['Feliciano-Lopez'],['Milos-Raonic']
436,9,78,['Milos-Raonic'],['Igor-Andreev']
437,9,42,['Milos-Raonic'],['Gilles-Simon']
438,9,20,['Milos-Raonic'],['Radek-Stepanek']
439,9,20,['Milos-Raonic'],['Radek-Stepanek']
440,18,9,['Ivan-Dodig'],['Milos-Raonic']
441,9,40,['Milos-Raonic'],['Ernests-Gulbis']
442,35,9,['Somdev-K-Devvarman'],['Milos-Raonic']
443,72,9,['Ryan-Harrison'],['Milos-Raonic']
444,9,88,['Milos-Raonic'],['Robert-Kendrick']
445,15,9,['Andy-Roddick'],['Milos-Raonic']
446,9,76,['Milos-Raonic'],['Xavier-Malisse']
447,9,66,['Milos-Raonic'],['James-Blake']
448,9,81,['Milos-Raonic'],['Yen-Hsun-Lu']
449,9,53,['Milos-Raonic'],['Mikhail-Youzhny']
450,20,10,['Radek-Stepanek'],['Santiago-Giraldo']
451,10,18,['Santiago-Giraldo'],['Ivan-Dodig']
452,10,77,['Santiago-Giraldo'],['Jurgen-Melzer']
453,10,77,['Santiago-Giraldo'],['Jurgen-Melzer']
454,32,10,['Kei-Nishikori'],['Santiago-Giraldo']
455,10,60,['Santiago-Giraldo'],['Robin-Haase']
456,10,62,['Santiago-Giraldo'],['Dmitry-Tursunov']
457,62,10,['Dmitry-Tursunov'],['Santiago-Giraldo']
458,29,10,['Gael-Monfils'],['Santiago-Giraldo']
459,15,10,['Andy-Roddick'],['Santiago-Giraldo']
460,10,44,['Santiago-Giraldo'],['Fabio-Fognini']
461,10,91,['Santiago-Giraldo'],['Albert-Montanes']
462,10,91,['Santiago-Giraldo'],['Albert-Montanes']
463,91,10,['Albert-Montanes'],['Santiago-Giraldo']
464,92,10,['Andreas-Haider-Maurer'],['Santiago-Giraldo']
465,31,10,['Jarkko-Nieminen'],['Santiago-Giraldo']
466,10,93,['Santiago-Giraldo'],['Jeremy-Chardy']
467,87,10,['Lukasz-Kubot'],['Santiago-Giraldo']
468,12,10,['Richard-Gasquet'],['Santiago-Giraldo']
469,10,84,['Santiago-Giraldo'],['Michael-Berrer']
470,22,10,['Pablo-Andujar'],['Santiago-Giraldo']
471,10,33,['Santiago-Giraldo'],['Alexandr-Dolgopolov']
472,24,10,['Robin-Soderling'],['Santiago-Giraldo']
473,10,90,['Santiago-Giraldo'],['Thomaz-Bellucci']
474,10,90,['Santiago-Giraldo'],['Thomaz-Bellucci']
475,10,73,['Santiago-Giraldo'],['Albert-Ramos']
476,10,73,['Santiago-Giraldo'],['Albert-Ramos']
477,10,78,['Santiago-Giraldo'],['Igor-Andreev']
478,78,10,['Igor-Andreev'],['Santiago-Giraldo']
479,28,10,['Michael-Llodra'],['Santiago-Giraldo']
480,58,10,['Pablo-Cuevas'],['Santiago-Giraldo']
481,43,10,['Nicolas-Almagro'],['Santiago-Giraldo']
482,10,79,['Santiago-Giraldo'],['Juan-Ignacio-Chela']
483,10,74,['Santiago-Giraldo'],['Potito-Starace']
484,70,10,['Tommy-Robredo'],['Santiago-Giraldo']
485,10,75,['Santiago-Giraldo'],['Rui-Machado']
486,26,10,['Marin-Cilic'],['Santiago-Giraldo']
487,30,10,['David-Ferrer'],['Santiago-Giraldo']
488,10,42,['Santiago-Giraldo'],['Gilles-Simon']
489,63,10,['Kevin-Anderson'],['Santiago-Giraldo']
490,11,30,['Andy-Murray'],['David-Ferrer']
491,11,30,['Andy-Murray'],['David-Ferrer']
492,11,30,['Andy-Murray'],['David-Ferrer']
493,30,11,['David-Ferrer'],['Andy-Murray']
494,11,93,['Andy-Murray'],['Jeremy-Chardy']
495,11,15,['Andy-Murray'],['Andy-Roddick']
496,11,15,['Andy-Murray'],['Andy-Roddick']
497,34,11,['Tomas-Berdych'],['Andy-Murray']
498,11,62,['Andy-Murray'],['Dmitry-Tursunov']
499,11,47,['Andy-Murray'],['Stanislas-Wawrinka']
500,11,32,['Andy-Murray'],['Kei-Nishikori']
501,11,27,['Andy-Murray'],['Marcos-Baghdatis']
502,27,11,['Marcos-Baghdatis'],['Andy-Murray']
503,11,82,['Andy-Murray'],['Alex-Bogomolov-Jr']
504,11,82,['Andy-Murray'],['Alex-Bogomolov-Jr']
505,82,11,['Alex-Bogomolov-Jr'],['Andy-Murray']
506,11,13,['Andy-Murray'],['David-Nalbandian']
507,11,13,['Andy-Murray'],['David-Nalbandian']
508,11,84,['Andy-Murray'],['Michael-Berrer']
509,11,84,['Andy-Murray'],['Michael-Berrer']
510,11,54,['Andy-Murray'],['Grigor-Dimitrov']
511,11,42,['Andy-Murray'],['Gilles-Simon']
512,11,42,['Andy-Murray'],['Gilles-Simon']
513,11,42,['Andy-Murray'],['Gilles-Simon']
514,11,42,['Andy-Murray'],['Gilles-Simon']
515,11,35,['Andy-Murray'],['Somdev-K-Devvarman']
516,11,60,['Andy-Murray'],['Robin-Haase']
517,11,25,['Andy-Murray'],['Feliciano-Lopez']
518,11,25,['Andy-Murray'],['Feliciano-Lopez']
519,11,21,['Andy-Murray'],['John-Isner']
520,11,16,['Andy-Murray'],['Novak-Djokovic']
521,16,11,['Novak-Djokovic'],['Andy-Murray']
522,16,11,['Novak-Djokovic'],['Andy-Murray']
523,63,11,['Kevin-Anderson'],['Andy-Murray']
524,11,14,['Andy-Murray'],['Gilles-Muller']
525,11,23,['Andy-Murray'],['Ivan-Ljubicic']
526,11,12,['Andy-Murray'],['Richard-Gasquet']
527,11,76,['Andy-Murray'],['Xavier-Malisse']
528,11,76,['Andy-Murray'],['Xavier-Malisse']
529,11,48,['Andy-Murray'],['Janko-Tipsarevic']
530,11,26,['Andy-Murray'],['Marin-Cilic']
531,11,50,['Andy-Murray'],['Simone-Bolelli']
532,11,80,['Andy-Murray'],['Viktor-Troicki']
533,11,79,['Andy-Murray'],['Juan-Ignacio-Chela']
534,11,74,['Andy-Murray'],['Potito-Starace']
535,90,11,['Thomaz-Bellucci'],['Andy-Murray']
536,11,20,['Andy-Murray'],['Radek-Stepanek']
537,11,39,['Andy-Murray'],['Karol-Beck']
538,11,77,['Andy-Murray'],['Jurgen-Melzer']
539,11,33,['Andy-Murray'],['Alexandr-Dolgopolov']
540,12,63,['Richard-Gasquet'],['Kevin-Anderson']
541,12,63,['Richard-Gasquet'],['Kevin-Anderson']
542,12,37,['Richard-Gasquet'],['Olivier-Rochus']
543,14,12,['Gilles-Muller'],['Richard-Gasquet']
544,17,12,['Fernando-Verdasco'],['Richard-Gasquet']
545,12,55,['Richard-Gasquet'],['Sergiy-Stakhovsky']
546,36,12,['Ivo-Karlovic'],['Richard-Gasquet']
547,12,33,['Richard-Gasquet'],['Alexandr-Dolgopolov']
548,12,90,['Richard-Gasquet'],['Thomaz-Bellucci']
549,12,90,['Richard-Gasquet'],['Thomaz-Bellucci']
550,43,12,['Nicolas-Almagro'],['Richard-Gasquet']
551,12,68,['Richard-Gasquet'],['Igor-Kunitsyn']
552,12,50,['Richard-Gasquet'],['Simone-Bolelli']
553,12,20,['Richard-Gasquet'],['Radek-Stepanek']
554,12,46,['Richard-Gasquet'],['Marcel-Granollers']
555,16,12,['Novak-Djokovic'],['Richard-Gasquet']
556,16,12,['Novak-Djokovic'],['Richard-Gasquet']
557,12,91,['Richard-Gasquet'],['Albert-Montanes']
558,12,78,['Richard-Gasquet'],['Igor-Andreev']
559,12,34,['Richard-Gasquet'],['Tomas-Berdych']
560,34,12,['Tomas-Berdych'],['Richard-Gasquet']
561,12,79,['Richard-Gasquet'],['Juan-Ignacio-Chela']
562,29,12,['Gael-Monfils'],['Richard-Gasquet']
563,12,67,['Richard-Gasquet'],['Denis-Istomin']
564,12,58,['Richard-Gasquet'],['Pablo-Cuevas']
565,12,77,['Richard-Gasquet'],['Jurgen-Melzer']
566,12,15,['Richard-Gasquet'],['Andy-Roddick']
567,12,54,['Richard-Gasquet'],['Grigor-Dimitrov']
568,12,42,['Richard-Gasquet'],['Gilles-Simon']
569,12,94,['Richard-Gasquet'],['Arnaud-Clement']
570,84,12,['Michael-Berrer'],['Richard-Gasquet']
571,12,61,['Richard-Gasquet'],['Adrian-Mannarino']
572,12,49,['Richard-Gasquet'],['Andreas-Seppi']
573,80,12,['Viktor-Troicki'],['Richard-Gasquet']
574,13,76,['David-Nalbandian'],['Xavier-Malisse']
575,13,18,['David-Nalbandian'],['Ivan-Dodig']
576,13,18,['David-Nalbandian'],['Ivan-Dodig']
577,66,13,['James-Blake'],['David-Nalbandian']
578,66,13,['James-Blake'],['David-Nalbandian']
579,13,40,['David-Nalbandian'],['Ernests-Gulbis']
580,13,95,['David-Nalbandian'],['Lukas-Rosol']
581,13,80,['David-Nalbandian'],['Viktor-Troicki']
582,13,23,['David-Nalbandian'],['Ivan-Ljubicic']
583,13,32,['David-Nalbandian'],['Kei-Nishikori']
584,47,13,['Stanislas-Wawrinka'],['David-Nalbandian']
585,13,92,['David-Nalbandian'],['Andreas-Haider-Maurer']
586,17,13,['Fernando-Verdasco'],['David-Nalbandian']
587,13,74,['David-Nalbandian'],['Potito-Starace']
588,70,13,['Tommy-Robredo'],['David-Nalbandian']
589,13,51,['David-Nalbandian'],['Carlos-Berlocq']
590,57,13,['Horacio-Zeballos'],['David-Nalbandian']
591,13,71,['David-Nalbandian'],['Lleyton-Hewitt']
592,13,44,['David-Nalbandian'],['Fabio-Fognini']
593,13,65,['David-Nalbandian'],['Philipp-Petzschner']
594,13,21,['David-Nalbandian'],['John-Isner']
595,13,43,['David-Nalbandian'],['Nicolas-Almagro']
596,30,13,['David-Ferrer'],['David-Nalbandian']
597,14,63,['Gilles-Muller'],['Kevin-Anderson']
598,63,14,['Kevin-Anderson'],['Gilles-Muller']
599,49,14,['Andreas-Seppi'],['Gilles-Muller']
600,49,14,['Andreas-Seppi'],['Gilles-Muller']
601,69,14,['Philipp-Kohlschreiber'],['Gilles-Muller']
602,14,65,['Gilles-Muller'],['Philipp-Petzschner']
603,23,14,['Ivan-Ljubicic'],['Gilles-Muller']
604,14,40,['Gilles-Muller'],['Ernests-Gulbis']
605,14,68,['Gilles-Muller'],['Igor-Kunitsyn']
606,68,14,['Igor-Kunitsyn'],['Gilles-Muller']
607,32,14,['Kei-Nishikori'],['Gilles-Muller']
608,14,82,['Gilles-Muller'],['Alex-Bogomolov-Jr']
609,21,14,['John-Isner'],['Gilles-Muller']
610,39,14,['Karol-Beck'],['Gilles-Muller']
611,14,19,['Gilles-Muller'],['Ryan-Sweeting']
612,14,38,['Gilles-Muller'],['Bernard-Tomic']
613,24,14,['Robin-Soderling'],['Gilles-Muller']
614,15,20,['Andy-Roddick'],['Radek-Stepanek']
615,15,81,['Andy-Roddick'],['Yen-Hsun-Lu']
616,15,54,['Andy-Roddick'],['Grigor-Dimitrov']
617,15,43,['Andy-Roddick'],['Nicolas-Almagro']
618,15,30,['Andy-Roddick'],['David-Ferrer']
619,30,15,['David-Ferrer'],['Andy-Roddick']
620,30,15,['David-Ferrer'],['Andy-Roddick']
621,15,63,['Andy-Roddick'],['Kevin-Anderson']
622,15,63,['Andy-Roddick'],['Kevin-Anderson']
623,63,15,['Kevin-Anderson'],['Andy-Roddick']
624,15,21,['Andy-Roddick'],['John-Isner']
625,21,15,['John-Isner'],['Andy-Roddick']
626,69,15,['Philipp-Kohlschreiber'],['Andy-Roddick']
627,15,25,['Andy-Roddick'],['Feliciano-Lopez']
628,25,15,['Feliciano-Lopez'],['Andy-Roddick']
629,25,15,['Feliciano-Lopez'],['Andy-Roddick']
630,15,56,['Andy-Roddick'],['Victor-Hanescu']
631,15,17,['Andy-Roddick'],['Fernando-Verdasco']
632,42,15,['Gilles-Simon'],['Andy-Roddick']
633,58,15,['Pablo-Cuevas'],['Andy-Roddick']
634,15,66,['Andy-Roddick'],['James-Blake']
635,15,48,['Andy-Roddick'],['Janko-Tipsarevic']
636,15,71,['Andy-Roddick'],['Lleyton-Hewitt']
637,15,68,['Andy-Roddick'],['Igor-Kunitsyn']
638,15,60,['Andy-Roddick'],['Robin-Haase']
639,47,15,['Stanislas-Wawrinka'],['Andy-Roddick']
640,15,33,['Andy-Roddick'],['Alexandr-Dolgopolov']
641,15,27,['Andy-Roddick'],['Marcos-Baghdatis']
642,24,15,['Robin-Soderling'],['Andy-Roddick']
643,16,34,['Novak-Djokovic'],['Tomas-Berdych']
644,16,34,['Novak-Djokovic'],['Tomas-Berdych']
645,16,34,['Novak-Djokovic'],['Tomas-Berdych']
646,16,34,['Novak-Djokovic'],['Tomas-Berdych']
647,16,30,['Novak-Djokovic'],['David-Ferrer']
648,30,16,['David-Ferrer'],['Novak-Djokovic']
649,16,48,['Novak-Djokovic'],['Janko-Tipsarevic']
650,16,48,['Novak-Djokovic'],['Janko-Tipsarevic']
651,48,16,['Janko-Tipsarevic'],['Novak-Djokovic']
652,16,18,['Novak-Djokovic'],['Ivan-Dodig']
653,16,18,['Novak-Djokovic'],['Ivan-Dodig']
654,16,80,['Novak-Djokovic'],['Viktor-Troicki']
655,16,80,['Novak-Djokovic'],['Viktor-Troicki']
656,16,80,['Novak-Djokovic'],['Viktor-Troicki']
657,16,80,['Novak-Djokovic'],['Viktor-Troicki']
658,16,76,['Novak-Djokovic'],['Xavier-Malisse']
659,16,87,['Novak-Djokovic'],['Lukasz-Kubot']
660,16,87,['Novak-Djokovic'],['Lukasz-Kubot']
661,16,27,['Novak-Djokovic'],['Marcos-Baghdatis']
662,16,27,['Novak-Djokovic'],['Marcos-Baghdatis']
663,32,16,['Kei-Nishikori'],['Novak-Djokovic']
664,16,51,['Novak-Djokovic'],['Carlos-Berlocq']
665,16,41,['Novak-Djokovic'],['Nikolay-Davydenko']
666,16,41,['Novak-Djokovic'],['Nikolay-Davydenko']
667,16,33,['Novak-Djokovic'],['Alexandr-Dolgopolov']
668,16,72,['Novak-Djokovic'],['Ryan-Harrison']
669,16,20,['Novak-Djokovic'],['Radek-Stepanek']
670,16,29,['Novak-Djokovic'],['Gael-Monfils']
671,16,29,['Novak-Djokovic'],['Gael-Monfils']
672,16,26,['Novak-Djokovic'],['Marin-Cilic']
673,16,93,['Novak-Djokovic'],['Jeremy-Chardy']
674,16,63,['Novak-Djokovic'],['Kevin-Anderson']
675,16,63,['Novak-Djokovic'],['Kevin-Anderson']
676,16,63,['Novak-Djokovic'],['Kevin-Anderson']
677,16,28,['Novak-Djokovic'],['Michael-Llodra']
678,16,28,['Novak-Djokovic'],['Michael-Llodra']
679,16,38,['Novak-Djokovic'],['Bernard-Tomic']
680,16,56,['Novak-Djokovic'],['Victor-Hanescu']
681,16,44,['Novak-Djokovic'],['Fabio-Fognini']
682,16,47,['Novak-Djokovic'],['Stanislas-Wawrinka']
683,16,24,['Novak-Djokovic'],['Robin-Soderling']
684,16,90,['Novak-Djokovic'],['Thomaz-Bellucci']
685,16,25,['Novak-Djokovic'],['Feliciano-Lopez']
686,16,25,['Novak-Djokovic'],['Feliciano-Lopez']
687,16,67,['Novak-Djokovic'],['Denis-Istomin']
688,16,66,['Novak-Djokovic'],['James-Blake']
689,16,40,['Novak-Djokovic'],['Ernests-Gulbis']
690,16,46,['Novak-Djokovic'],['Marcel-Granollers']
691,16,43,['Novak-Djokovic'],['Nicolas-Almagro']
692,17,26,['Fernando-Verdasco'],['Marin-Cilic']
693,34,17,['Tomas-Berdych'],['Fernando-Verdasco']
694,34,17,['Tomas-Berdych'],['Fernando-Verdasco']
695,34,17,['Tomas-Berdych'],['Fernando-Verdasco']
696,30,17,['David-Ferrer'],['Fernando-Verdasco']
697,45,17,['Juan-Carlos-Ferrero'],['Fernando-Verdasco']
698,17,28,['Fernando-Verdasco'],['Michael-Llodra']
699,17,28,['Fernando-Verdasco'],['Michael-Llodra']
700,17,31,['Fernando-Verdasco'],['Jarkko-Nieminen']
701,17,90,['Fernando-Verdasco'],['Thomaz-Bellucci']
702,90,17,['Thomaz-Bellucci'],['Fernando-Verdasco']
703,17,48,['Fernando-Verdasco'],['Janko-Tipsarevic']
704,48,17,['Janko-Tipsarevic'],['Fernando-Verdasco']
705,17,41,['Fernando-Verdasco'],['Nikolay-Davydenko']
706,17,20,['Fernando-Verdasco'],['Radek-Stepanek']
707,20,17,['Radek-Stepanek'],['Fernando-Verdasco']
708,17,43,['Fernando-Verdasco'],['Nicolas-Almagro']
709,43,17,['Nicolas-Almagro'],['Fernando-Verdasco']
710,46,17,['Marcel-Granollers'],['Fernando-Verdasco']
711,17,22,['Fernando-Verdasco'],['Pablo-Andujar']
712,22,17,['Pablo-Andujar'],['Fernando-Verdasco']
713,17,77,['Fernando-Verdasco'],['Jurgen-Melzer']
714,60,17,['Robin-Haase'],['Fernando-Verdasco']
715,17,76,['Fernando-Verdasco'],['Xavier-Malisse']
716,17,76,['Fernando-Verdasco'],['Xavier-Malisse']
717,23,17,['Ivan-Ljubicic'],['Fernando-Verdasco']
718,24,17,['Robin-Soderling'],['Fernando-Verdasco']
719,81,17,['Yen-Hsun-Lu'],['Fernando-Verdasco']
720,17,63,['Fernando-Verdasco'],['Kevin-Anderson']
721,70,17,['Tommy-Robredo'],['Fernando-Verdasco']
722,64,17,['Sam-Querrey'],['Fernando-Verdasco']
723,17,96,['Fernando-Verdasco'],['Rajeev-Ram']
724,17,36,['Fernando-Verdasco'],['Ivo-Karlovic']
725,17,67,['Fernando-Verdasco'],['Denis-Istomin']
726,17,32,['Fernando-Verdasco'],['Kei-Nishikori']
727,18,44,['Ivan-Dodig'],['Fabio-Fognini']
728,47,18,['Stanislas-Wawrinka'],['Ivan-Dodig']
729,18,61,['Ivan-Dodig'],['Adrian-Mannarino']
730,54,18,['Grigor-Dimitrov'],['Ivan-Dodig']
731,63,18,['Kevin-Anderson'],['Ivan-Dodig']
732,41,18,['Nikolay-Davydenko'],['Ivan-Dodig']
733,18,40,['Ivan-Dodig'],['Ernests-Gulbis']
734,29,18,['Gael-Monfils'],['Ivan-Dodig']
735,29,18,['Gael-Monfils'],['Ivan-Dodig']
736,18,93,['Ivan-Dodig'],['Jeremy-Chardy']
737,48,18,['Janko-Tipsarevic'],['Ivan-Dodig']
738,48,18,['Janko-Tipsarevic'],['Ivan-Dodig']
739,73,18,['Albert-Ramos'],['Ivan-Dodig']
740,72,18,['Ryan-Harrison'],['Ivan-Dodig']
741,18,56,['Ivan-Dodig'],['Victor-Hanescu']
742,18,92,['Ivan-Dodig'],['Andreas-Haider-Maurer']
743,18,27,['Ivan-Dodig'],['Marcos-Baghdatis']
744,62,18,['Dmitry-Tursunov'],['Ivan-Dodig']
745,18,85,['Ivan-Dodig'],['Pere-Riba']
746,85,18,['Pere-Riba'],['Ivan-Dodig']
747,65,18,['Philipp-Petzschner'],['Ivan-Dodig']
748,18,24,['Ivan-Dodig'],['Robin-Soderling']
749,24,18,['Robin-Soderling'],['Ivan-Dodig']
750,18,25,['Ivan-Dodig'],['Feliciano-Lopez']
751,70,18,['Tommy-Robredo'],['Ivan-Dodig']
752,69,18,['Philipp-Kohlschreiber'],['Ivan-Dodig']
753,18,68,['Ivan-Dodig'],['Igor-Kunitsyn']
754,18,46,['Ivan-Dodig'],['Marcel-Granollers']
755,18,23,['Ivan-Dodig'],['Ivan-Ljubicic']
756,18,84,['Ivan-Dodig'],['Michael-Berrer']
757,18,36,['Ivan-Dodig'],['Ivo-Karlovic']
758,34,18,['Tomas-Berdych'],['Ivan-Dodig']
759,50,19,['Simone-Bolelli'],['Ryan-Sweeting']
760,27,19,['Marcos-Baghdatis'],['Ryan-Sweeting']
761,27,19,['Marcos-Baghdatis'],['Ryan-Sweeting']
762,54,19,['Grigor-Dimitrov'],['Ryan-Sweeting']
763,19,64,['Ryan-Sweeting'],['Sam-Querrey']
764,19,64,['Ryan-Sweeting'],['Sam-Querrey']
765,64,19,['Sam-Querrey'],['Ryan-Sweeting']
766,67,19,['Denis-Istomin'],['Ryan-Sweeting']
767,19,37,['Ryan-Sweeting'],['Olivier-Rochus']
768,19,82,['Ryan-Sweeting'],['Alex-Bogomolov-Jr']
769,19,82,['Ryan-Sweeting'],['Alex-Bogomolov-Jr']
770,29,19,['Gael-Monfils'],['Ryan-Sweeting']
771,19,35,['Ryan-Sweeting'],['Somdev-K-Devvarman']
772,35,19,['Somdev-K-Devvarman'],['Ryan-Sweeting']
773,68,19,['Igor-Kunitsyn'],['Ryan-Sweeting']
774,19,22,['Ryan-Sweeting'],['Pablo-Andujar']
775,23,19,['Ivan-Ljubicic'],['Ryan-Sweeting']
776,92,19,['Andreas-Haider-Maurer'],['Ryan-Sweeting']
777,19,97,['Ryan-Sweeting'],['Alexander-Peya']
778,19,78,['Ryan-Sweeting'],['Igor-Andreev']
779,78,19,['Igor-Andreev'],['Ryan-Sweeting']
780,66,19,['James-Blake'],['Ryan-Sweeting']
781,19,36,['Ryan-Sweeting'],['Ivo-Karlovic']
782,36,19,['Ivo-Karlovic'],['Ryan-Sweeting']
783,19,32,['Ryan-Sweeting'],['Kei-Nishikori']
784,32,19,['Kei-Nishikori'],['Ryan-Sweeting']
785,19,98,['Ryan-Sweeting'],['Juan-Sebastian-Cabal']
786,19,95,['Ryan-Sweeting'],['Lukas-Rosol']
787,76,19,['Xavier-Malisse'],['Ryan-Sweeting']
788,19,46,['Ryan-Sweeting'],['Marcel-Granollers']
789,48,19,['Janko-Tipsarevic'],['Ryan-Sweeting']
790,72,19,['Ryan-Harrison'],['Ryan-Sweeting']
791,34,20,['Tomas-Berdych'],['Radek-Stepanek']
792,20,35,['Radek-Stepanek'],['Somdev-K-Devvarman']
793,30,20,['David-Ferrer'],['Radek-Stepanek']
794,20,69,['Radek-Stepanek'],['Philipp-Kohlschreiber']
795,20,69,['Radek-Stepanek'],['Philipp-Kohlschreiber']
796,20,21,['Radek-Stepanek'],['John-Isner']
797,21,20,['John-Isner'],['Radek-Stepanek']
798,25,20,['Feliciano-Lopez'],['Radek-Stepanek']
799,20,65,['Radek-Stepanek'],['Philipp-Petzschner']
800,20,31,['Radek-Stepanek'],['Jarkko-Nieminen']
801,20,29,['Radek-Stepanek'],['Gael-Monfils']
802,29,20,['Gael-Monfils'],['Radek-Stepanek']
803,20,49,['Radek-Stepanek'],['Andreas-Seppi']
804,20,49,['Radek-Stepanek'],['Andreas-Seppi']
805,20,99,['Radek-Stepanek'],['Colin-Fleming']
806,32,20,['Kei-Nishikori'],['Radek-Stepanek']
807,20,23,['Radek-Stepanek'],['Ivan-Ljubicic']
808,20,95,['Radek-Stepanek'],['Lukas-Rosol']
809,20,89,['Radek-Stepanek'],['Dustin-Brown']
810,41,20,['Nikolay-Davydenko'],['Radek-Stepanek']
811,20,27,['Radek-Stepanek'],['Marcos-Baghdatis']
812,20,44,['Radek-Stepanek'],['Fabio-Fognini']
813,79,20,['Juan-Ignacio-Chela'],['Radek-Stepanek']
814,24,20,['Robin-Soderling'],['Radek-Stepanek']
815,21,47,['John-Isner'],['Stanislas-Wawrinka']
816,21,68,['John-Isner'],['Igor-Kunitsyn']
817,21,25,['John-Isner'],['Feliciano-Lopez']
818,21,30,['John-Isner'],['David-Ferrer']
819,23,21,['Ivan-Ljubicic'],['John-Isner']
820,21,27,['John-Isner'],['Marcos-Baghdatis']
821,21,27,['John-Isner'],['Marcos-Baghdatis']
822,21,27,['John-Isner'],['Marcos-Baghdatis']
823,21,82,['John-Isner'],['Alex-Bogomolov-Jr']
824,21,82,['John-Isner'],['Alex-Bogomolov-Jr']
825,21,82,['John-Isner'],['Alex-Bogomolov-Jr']
826,21,42,['John-Isner'],['Gilles-Simon']
827,21,31,['John-Isner'],['Jarkko-Nieminen']
828,21,80,['John-Isner'],['Viktor-Troicki']
829,80,21,['Viktor-Troicki'],['John-Isner']
830,21,66,['John-Isner'],['James-Blake']
831,21,66,['John-Isner'],['James-Blake']
832,29,21,['Gael-Monfils'],['John-Isner']
833,21,81,['John-Isner'],['Yen-Hsun-Lu']
834,21,39,['John-Isner'],['Karol-Beck']
835,21,94,['John-Isner'],['Arnaud-Clement']
836,21,37,['John-Isner'],['Olivier-Rochus']
837,43,21,['Nicolas-Almagro'],['John-Isner']
838,79,21,['Juan-Ignacio-Chela'],['John-Isner']
839,79,21,['Juan-Ignacio-Chela'],['John-Isner']
840,55,21,['Sergiy-Stakhovsky'],['John-Isner']
841,21,57,['John-Isner'],['Horacio-Zeballos']
842,36,21,['Ivo-Karlovic'],['John-Isner']
843,21,78,['John-Isner'],['Igor-Andreev']
844,63,21,['Kevin-Anderson'],['John-Isner']
845,26,21,['Marin-Cilic'],['John-Isner']
846,21,60,['John-Isner'],['Robin-Haase']
847,22,79,['Pablo-Andujar'],['Juan-Ignacio-Chela']
848,22,79,['Pablo-Andujar'],['Juan-Ignacio-Chela']
849,29,22,['Gael-Monfils'],['Pablo-Andujar']
850,65,22,['Philipp-Petzschner'],['Pablo-Andujar']
851,45,22,['Juan-Carlos-Ferrero'],['Pablo-Andujar']
852,45,22,['Juan-Carlos-Ferrero'],['Pablo-Andujar']
853,32,22,['Kei-Nishikori'],['Pablo-Andujar']
854,63,22,['Kevin-Anderson'],['Pablo-Andujar']
855,63,22,['Kevin-Anderson'],['Pablo-Andujar']
856,22,95,['Pablo-Andujar'],['Lukas-Rosol']
857,22,73,['Pablo-Andujar'],['Albert-Ramos']
858,22,91,['Pablo-Andujar'],['Albert-Montanes']
859,22,91,['Pablo-Andujar'],['Albert-Montanes']
860,22,87,['Pablo-Andujar'],['Lukasz-Kubot']
861,68,22,['Igor-Kunitsyn'],['Pablo-Andujar']
862,22,54,['Pablo-Andujar'],['Grigor-Dimitrov']
863,43,22,['Nicolas-Almagro'],['Pablo-Andujar']
864,43,22,['Nicolas-Almagro'],['Pablo-Andujar']
865,90,22,['Thomaz-Bellucci'],['Pablo-Andujar']
866,22,93,['Pablo-Andujar'],['Jeremy-Chardy']
867,22,85,['Pablo-Andujar'],['Pere-Riba']
868,22,74,['Pablo-Andujar'],['Potito-Starace']
869,74,22,['Potito-Starace'],['Pablo-Andujar']
870,22,38,['Pablo-Andujar'],['Bernard-Tomic']
871,58,22,['Pablo-Cuevas'],['Pablo-Andujar']
872,47,22,['Stanislas-Wawrinka'],['Pablo-Andujar']
873,57,22,['Horacio-Zeballos'],['Pablo-Andujar']
874,22,70,['Pablo-Andujar'],['Tommy-Robredo']
875,76,22,['Xavier-Malisse'],['Pablo-Andujar']
876,23,28,['Ivan-Ljubicic'],['Michael-Llodra']
877,77,23,['Jurgen-Melzer'],['Ivan-Ljubicic']
878,23,53,['Ivan-Ljubicic'],['Mikhail-Youzhny']
879,23,26,['Ivan-Ljubicic'],['Marin-Cilic']
880,26,23,['Marin-Cilic'],['Ivan-Ljubicic']
881,45,23,['Juan-Carlos-Ferrero'],['Ivan-Ljubicic']
882,23,55,['Ivan-Ljubicic'],['Sergiy-Stakhovsky']
883,23,55,['Ivan-Ljubicic'],['Sergiy-Stakhovsky']
884,23,35,['Ivan-Ljubicic'],['Somdev-K-Devvarman']
885,23,64,['Ivan-Ljubicic'],['Sam-Querrey']
886,42,23,['Gilles-Simon'],['Ivan-Ljubicic']
887,23,93,['Ivan-Ljubicic'],['Jeremy-Chardy']
888,23,34,['Ivan-Ljubicic'],['Tomas-Berdych']
889,62,23,['Dmitry-Tursunov'],['Ivan-Ljubicic']
890,23,27,['Ivan-Ljubicic'],['Marcos-Baghdatis']
891,43,23,['Nicolas-Almagro'],['Ivan-Ljubicic']
892,24,74,['Robin-Soderling'],['Potito-Starace']
893,24,74,['Robin-Soderling'],['Potito-Starace']
894,24,34,['Robin-Soderling'],['Tomas-Berdych']
895,24,30,['Robin-Soderling'],['David-Ferrer']
896,24,65,['Robin-Soderling'],['Philipp-Petzschner']
897,24,71,['Robin-Soderling'],['Lleyton-Hewitt']
898,38,24,['Bernard-Tomic'],['Robin-Soderling']
899,24,72,['Robin-Soderling'],['Ryan-Harrison']
900,24,72,['Robin-Soderling'],['Ryan-Harrison']
901,24,73,['Robin-Soderling'],['Albert-Ramos']
902,24,42,['Robin-Soderling'],['Gilles-Simon']
903,24,64,['Robin-Soderling'],['Sam-Querrey']
904,24,43,['Robin-Soderling'],['Nicolas-Almagro']
905,24,93,['Robin-Soderling'],['Jeremy-Chardy']
906,24,84,['Robin-Soderling'],['Michael-Berrer']
907,24,84,['Robin-Soderling'],['Michael-Berrer']
908,24,69,['Robin-Soderling'],['Philipp-Kohlschreiber']
909,69,24,['Philipp-Kohlschreiber'],['Robin-Soderling']
910,24,78,['Robin-Soderling'],['Igor-Andreev']
911,24,28,['Robin-Soderling'],['Michael-Llodra']
912,24,62,['Robin-Soderling'],['Dmitry-Tursunov']
913,24,26,['Robin-Soderling'],['Marin-Cilic']
914,24,60,['Robin-Soderling'],['Robin-Haase']
915,24,53,['Robin-Soderling'],['Mikhail-Youzhny']
916,24,80,['Robin-Soderling'],['Viktor-Troicki']
917,33,24,['Alexandr-Dolgopolov'],['Robin-Soderling']
918,25,28,['Feliciano-Lopez'],['Michael-Llodra']
919,25,28,['Feliciano-Lopez'],['Michael-Llodra']
920,25,29,['Feliciano-Lopez'],['Gael-Monfils']
921,25,82,['Feliciano-Lopez'],['Alex-Bogomolov-Jr']
922,82,25,['Alex-Bogomolov-Jr'],['Feliciano-Lopez']
923,94,25,['Arnaud-Clement'],['Feliciano-Lopez']
924,25,48,['Feliciano-Lopez'],['Janko-Tipsarevic']
925,25,48,['Feliciano-Lopez'],['Janko-Tipsarevic']
926,25,34,['Feliciano-Lopez'],['Tomas-Berdych']
927,30,25,['David-Ferrer'],['Feliciano-Lopez']
928,30,25,['David-Ferrer'],['Feliciano-Lopez']
929,53,25,['Mikhail-Youzhny'],['Feliciano-Lopez']
930,25,45,['Feliciano-Lopez'],['Juan-Carlos-Ferrero']
931,25,69,['Feliciano-Lopez'],['Philipp-Kohlschreiber']
932,69,25,['Philipp-Kohlschreiber'],['Feliciano-Lopez']
933,60,25,['Robin-Haase'],['Feliciano-Lopez']
934,43,25,['Nicolas-Almagro'],['Feliciano-Lopez']
935,25,57,['Feliciano-Lopez'],['Horacio-Zeballos']
936,25,84,['Feliciano-Lopez'],['Michael-Berrer']
937,25,87,['Feliciano-Lopez'],['Lukasz-Kubot']
938,25,62,['Feliciano-Lopez'],['Dmitry-Tursunov']
939,25,83,['Feliciano-Lopez'],['Fernando-Gonzalez']
940,25,91,['Feliciano-Lopez'],['Albert-Montanes']
941,25,52,['Feliciano-Lopez'],['Mikhail-Kukushkin']
942,25,32,['Feliciano-Lopez'],['Kei-Nishikori']
943,25,79,['Feliciano-Lopez'],['Juan-Ignacio-Chela']
944,25,81,['Feliciano-Lopez'],['Yen-Hsun-Lu']
945,27,25,['Marcos-Baghdatis'],['Feliciano-Lopez']
946,38,25,['Bernard-Tomic'],['Feliciano-Lopez']
947,25,65,['Feliciano-Lopez'],['Philipp-Petzschner']
948,63,25,['Kevin-Anderson'],['Feliciano-Lopez']
949,46,26,['Marcel-Granollers'],['Marin-Cilic']
950,26,35,['Marin-Cilic'],['Somdev-K-Devvarman']
951,26,49,['Marin-Cilic'],['Andreas-Seppi']
952,26,49,['Marin-Cilic'],['Andreas-Seppi']
953,26,49,['Marin-Cilic'],['Andreas-Seppi']
954,26,53,['Marin-Cilic'],['Mikhail-Youzhny']
955,26,53,['Marin-Cilic'],['Mikhail-Youzhny']
956,53,26,['Mikhail-Youzhny'],['Marin-Cilic']
957,26,48,['Marin-Cilic'],['Janko-Tipsarevic']
958,48,26,['Janko-Tipsarevic'],['Marin-Cilic']
959,73,26,['Albert-Ramos'],['Marin-Cilic']
960,26,44,['Marin-Cilic'],['Fabio-Fognini']
961,26,44,['Marin-Cilic'],['Fabio-Fognini']
962,26,63,['Marin-Cilic'],['Kevin-Anderson']
963,26,34,['Marin-Cilic'],['Tomas-Berdych']
964,34,26,['Tomas-Berdych'],['Marin-Cilic']
965,26,72,['Marin-Cilic'],['Ryan-Harrison']
966,26,38,['Marin-Cilic'],['Bernard-Tomic']
967,26,60,['Marin-Cilic'],['Robin-Haase']
968,33,26,['Alexandr-Dolgopolov'],['Marin-Cilic']
969,26,94,['Marin-Cilic'],['Arnaud-Clement']
970,26,90,['Marin-Cilic'],['Thomaz-Bellucci']
971,86,26,['Ruben-Ramirez-Hidalgo'],['Marin-Cilic']
972,26,36,['Marin-Cilic'],['Ivo-Karlovic']
973,26,51,['Marin-Cilic'],['Carlos-Berlocq']
974,26,74,['Marin-Cilic'],['Potito-Starace']
975,26,50,['Marin-Cilic'],['Simone-Bolelli']
976,26,57,['Marin-Cilic'],['Horacio-Zeballos']
977,41,26,['Nikolay-Davydenko'],['Marin-Cilic']
978,26,85,['Marin-Cilic'],['Pere-Riba']
979,47,26,['Stanislas-Wawrinka'],['Marin-Cilic']
980,26,69,['Marin-Cilic'],['Philipp-Kohlschreiber']
981,26,65,['Marin-Cilic'],['Philipp-Petzschner']
982,26,77,['Marin-Cilic'],['Jurgen-Melzer']
983,80,26,['Viktor-Troicki'],['Marin-Cilic']
984,26,68,['Marin-Cilic'],['Igor-Kunitsyn']
985,32,26,['Kei-Nishikori'],['Marin-Cilic']
986,27,80,['Marcos-Baghdatis'],['Viktor-Troicki']
987,27,80,['Marcos-Baghdatis'],['Viktor-Troicki']
988,63,27,['Kevin-Anderson'],['Marcos-Baghdatis']
989,27,82,['Marcos-Baghdatis'],['Alex-Bogomolov-Jr']
990,27,35,['Marcos-Baghdatis'],['Somdev-K-Devvarman']
991,27,35,['Marcos-Baghdatis'],['Somdev-K-Devvarman']
992,35,27,['Somdev-K-Devvarman'],['Marcos-Baghdatis']
993,27,77,['Marcos-Baghdatis'],['Jurgen-Melzer']
994,77,27,['Jurgen-Melzer'],['Marcos-Baghdatis']
995,48,27,['Janko-Tipsarevic'],['Marcos-Baghdatis']
996,33,27,['Alexandr-Dolgopolov'],['Marcos-Baghdatis']
997,27,66,['Marcos-Baghdatis'],['James-Blake']
998,66,27,['James-Blake'],['Marcos-Baghdatis']
999,27,90,['Marcos-Baghdatis'],['Thomaz-Bellucci']
1000,81,27,['Yen-Hsun-Lu'],['Marcos-Baghdatis']
1001,27,49,['Marcos-Baghdatis'],['Andreas-Seppi']
1002,27,94,['Marcos-Baghdatis'],['Arnaud-Clement']
1003,27,60,['Marcos-Baghdatis'],['Robin-Haase']
1004,54,27,['Grigor-Dimitrov'],['Marcos-Baghdatis']
1005,37,27,['Olivier-Rochus'],['Marcos-Baghdatis']
1006,27,87,['Marcos-Baghdatis'],['Lukasz-Kubot']
1007,28,94,['Michael-Llodra'],['Arnaud-Clement']
1008,94,28,['Arnaud-Clement'],['Michael-Llodra']
1009,28,56,['Michael-Llodra'],['Victor-Hanescu']
1010,63,28,['Kevin-Anderson'],['Michael-Llodra']
1011,28,53,['Michael-Llodra'],['Mikhail-Youzhny']
1012,28,53,['Michael-Llodra'],['Mikhail-Youzhny']
1013,40,28,['Ernests-Gulbis'],['Michael-Llodra']
1014,54,28,['Grigor-Dimitrov'],['Michael-Llodra']
1015,65,28,['Philipp-Petzschner'],['Michael-Llodra']
1016,28,81,['Michael-Llodra'],['Yen-Hsun-Lu']
1017,28,64,['Michael-Llodra'],['Sam-Querrey']
1018,28,76,['Michael-Llodra'],['Xavier-Malisse']
1019,46,28,['Marcel-Granollers'],['Michael-Llodra']
1020,80,28,['Viktor-Troicki'],['Michael-Llodra']
1021,28,41,['Michael-Llodra'],['Nikolay-Davydenko']
1022,28,79,['Michael-Llodra'],['Juan-Ignacio-Chela']
1023,29,91,['Gael-Monfils'],['Albert-Montanes']
1024,46,29,['Marcel-Granollers'],['Gael-Monfils']
1025,29,38,['Gael-Monfils'],['Bernard-Tomic']
1026,29,63,['Gael-Monfils'],['Kevin-Anderson']
1027,29,31,['Gael-Monfils'],['Jarkko-Nieminen']
1028,29,31,['Gael-Monfils'],['Jarkko-Nieminen']
1029,44,29,['Fabio-Fognini'],['Gael-Monfils']
1030,29,54,['Gael-Monfils'],['Grigor-Dimitrov']
1031,45,29,['Juan-Carlos-Ferrero'],['Gael-Monfils']
1032,29,69,['Gael-Monfils'],['Philipp-Kohlschreiber']
1033,29,69,['Gael-Monfils'],['Philipp-Kohlschreiber']
1034,69,29,['Philipp-Kohlschreiber'],['Gael-Monfils']
1035,29,82,['Gael-Monfils'],['Alex-Bogomolov-Jr']
1036,29,80,['Gael-Monfils'],['Viktor-Troicki']
1037,29,62,['Gael-Monfils'],['Dmitry-Tursunov']
1038,29,48,['Gael-Monfils'],['Janko-Tipsarevic']
1039,29,73,['Gael-Monfils'],['Albert-Ramos']
1040,42,29,['Gilles-Simon'],['Gael-Monfils']
1041,56,29,['Victor-Hanescu'],['Gael-Monfils']
1042,87,29,['Lukasz-Kubot'],['Gael-Monfils']
1043,29,30,['Gael-Monfils'],['David-Ferrer']
1044,29,36,['Gael-Monfils'],['Ivo-Karlovic']
1045,29,60,['Gael-Monfils'],['Robin-Haase']
1046,29,88,['Gael-Monfils'],['Robert-Kendrick']
1047,47,29,['Stanislas-Wawrinka'],['Gael-Monfils']
1048,34,30,['Tomas-Berdych'],['David-Ferrer']
1049,30,33,['David-Ferrer'],['Alexandr-Dolgopolov']
1050,30,33,['David-Ferrer'],['Alexandr-Dolgopolov']
1051,33,30,['Alexandr-Dolgopolov'],['David-Ferrer']
1052,30,41,['David-Ferrer'],['Nikolay-Davydenko']
1053,30,45,['David-Ferrer'],['Juan-Carlos-Ferrero']
1054,30,32,['David-Ferrer'],['Kei-Nishikori']
1055,30,42,['David-Ferrer'],['Gilles-Simon']
1056,42,30,['Gilles-Simon'],['David-Ferrer']
1057,30,78,['David-Ferrer'],['Igor-Andreev']
1058,30,66,['David-Ferrer'],['James-Blake']
1059,30,54,['David-Ferrer'],['Grigor-Dimitrov']
1060,30,85,['David-Ferrer'],['Pere-Riba']
1061,30,92,['David-Ferrer'],['Andreas-Haider-Maurer']
1062,30,43,['David-Ferrer'],['Nicolas-Almagro']
1063,30,43,['David-Ferrer'],['Nicolas-Almagro']
1064,30,43,['David-Ferrer'],['Nicolas-Almagro']
1065,30,72,['David-Ferrer'],['Ryan-Harrison']
1066,30,39,['David-Ferrer'],['Karol-Beck']
1067,30,31,['David-Ferrer'],['Jarkko-Nieminen']
1068,30,31,['David-Ferrer'],['Jarkko-Nieminen']
1069,31,30,['Jarkko-Nieminen'],['David-Ferrer']
1070,30,55,['David-Ferrer'],['Sergiy-Stakhovsky']
1071,30,55,['David-Ferrer'],['Sergiy-Stakhovsky']
1072,30,49,['David-Ferrer'],['Andreas-Seppi']
1073,30,61,['David-Ferrer'],['Adrian-Mannarino']
1074,30,51,['David-Ferrer'],['Carlos-Berlocq']
1075,30,56,['David-Ferrer'],['Victor-Hanescu']
1076,30,77,['David-Ferrer'],['Jurgen-Melzer']
1077,30,77,['David-Ferrer'],['Jurgen-Melzer']
1078,30,80,['David-Ferrer'],['Viktor-Troicki']
1079,30,68,['David-Ferrer'],['Igor-Kunitsyn']
1080,30,35,['David-Ferrer'],['Somdev-K-Devvarman']
1081,30,46,['David-Ferrer'],['Marcel-Granollers']
1082,36,30,['Ivo-Karlovic'],['David-Ferrer']
1083,30,100,['David-Ferrer'],['Santiago-Gonzalez']
1084,30,69,['David-Ferrer'],['Philipp-Kohlschreiber']
1085,31,90,['Jarkko-Nieminen'],['Thomaz-Bellucci']
1086,31,60,['Jarkko-Nieminen'],['Robin-Haase']
1087,31,60,['Jarkko-Nieminen'],['Robin-Haase']
1088,31,47,['Jarkko-Nieminen'],['Stanislas-Wawrinka']
1089,31,66,['Jarkko-Nieminen'],['James-Blake']
1090,82,31,['Alex-Bogomolov-Jr'],['Jarkko-Nieminen']
1091,31,67,['Jarkko-Nieminen'],['Denis-Istomin']
1092,31,67,['Jarkko-Nieminen'],['Denis-Istomin']
1093,31,68,['Jarkko-Nieminen'],['Igor-Kunitsyn']
1094,31,56,['Jarkko-Nieminen'],['Victor-Hanescu']
1095,43,31,['Nicolas-Almagro'],['Jarkko-Nieminen']
1096,43,31,['Nicolas-Almagro'],['Jarkko-Nieminen']
1097,31,33,['Jarkko-Nieminen'],['Alexandr-Dolgopolov']
1098,42,31,['Gilles-Simon'],['Jarkko-Nieminen']
1099,81,31,['Yen-Hsun-Lu'],['Jarkko-Nieminen']
1100,78,31,['Igor-Andreev'],['Jarkko-Nieminen']
1101,31,61,['Jarkko-Nieminen'],['Adrian-Mannarino']
1102,31,55,['Jarkko-Nieminen'],['Sergiy-Stakhovsky']
1103,34,31,['Tomas-Berdych'],['Jarkko-Nieminen']
1104,31,101,['Jarkko-Nieminen'],['Marc-Lopez']
1105,51,31,['Carlos-Berlocq'],['Jarkko-Nieminen']
1106,52,31,['Mikhail-Kukushkin'],['Jarkko-Nieminen']
1107,91,31,['Albert-Montanes'],['Jarkko-Nieminen']
1108,80,31,['Viktor-Troicki'],['Jarkko-Nieminen']
1109,41,31,['Nikolay-Davydenko'],['Jarkko-Nieminen']
1110,55,32,['Sergiy-Stakhovsky'],['Kei-Nishikori']
1111,55,32,['Sergiy-Stakhovsky'],['Kei-Nishikori']
1112,32,34,['Kei-Nishikori'],['Tomas-Berdych']
1113,32,49,['Kei-Nishikori'],['Andreas-Seppi']
1114,32,52,['Kei-Nishikori'],['Mikhail-Kukushkin']
1115,32,52,['Kei-Nishikori'],['Mikhail-Kukushkin']
1116,32,60,['Kei-Nishikori'],['Robin-Haase']
1117,32,33,['Kei-Nishikori'],['Alexandr-Dolgopolov']
1118,32,65,['Kei-Nishikori'],['Philipp-Petzschner']
1119,32,43,['Kei-Nishikori'],['Nicolas-Almagro']
1120,48,32,['Janko-Tipsarevic'],['Kei-Nishikori']
1121,48,32,['Janko-Tipsarevic'],['Kei-Nishikori']
1122,48,32,['Janko-Tipsarevic'],['Kei-Nishikori']
1123,48,32,['Janko-Tipsarevic'],['Kei-Nishikori']
1124,48,32,['Janko-Tipsarevic'],['Kei-Nishikori']
1125,32,102,['Kei-Nishikori'],['Rohan-Bopanna']
1126,32,67,['Kei-Nishikori'],['Denis-Istomin']
1127,71,32,['Lleyton-Hewitt'],['Kei-Nishikori']
1128,64,32,['Sam-Querrey'],['Kei-Nishikori']
1129,32,81,['Kei-Nishikori'],['Yen-Hsun-Lu']
1130,32,85,['Kei-Nishikori'],['Pere-Riba']
1131,85,32,['Pere-Riba'],['Kei-Nishikori']
1132,32,75,['Kei-Nishikori'],['Rui-Machado']
1133,32,78,['Kei-Nishikori'],['Igor-Andreev']
1134,78,32,['Igor-Andreev'],['Kei-Nishikori']
1135,32,58,['Kei-Nishikori'],['Pablo-Cuevas']
1136,32,93,['Kei-Nishikori'],['Jeremy-Chardy']
1137,32,66,['Kei-Nishikori'],['James-Blake']
1138,32,82,['Kei-Nishikori'],['Alex-Bogomolov-Jr']
1139,32,44,['Kei-Nishikori'],['Fabio-Fognini']
1140,33,69,['Alexandr-Dolgopolov'],['Philipp-Kohlschreiber']
1141,69,33,['Philipp-Kohlschreiber'],['Alexandr-Dolgopolov']
1142,46,33,['Marcel-Granollers'],['Alexandr-Dolgopolov']
1143,93,33,['Jeremy-Chardy'],['Alexandr-Dolgopolov']
1144,33,87,['Alexandr-Dolgopolov'],['Lukasz-Kubot']
1145,33,73,['Alexandr-Dolgopolov'],['Albert-Ramos']
1146,33,73,['Alexandr-Dolgopolov'],['Albert-Ramos']
1147,33,38,['Alexandr-Dolgopolov'],['Bernard-Tomic']
1148,33,38,['Alexandr-Dolgopolov'],['Bernard-Tomic']
1149,33,76,['Alexandr-Dolgopolov'],['Xavier-Malisse']
1150,33,36,['Alexandr-Dolgopolov'],['Ivo-Karlovic']
1151,33,51,['Alexandr-Dolgopolov'],['Carlos-Berlocq']
1152,33,51,['Alexandr-Dolgopolov'],['Carlos-Berlocq']
1153,51,33,['Carlos-Berlocq'],['Alexandr-Dolgopolov']
1154,33,54,['Alexandr-Dolgopolov'],['Grigor-Dimitrov']
1155,33,60,['Alexandr-Dolgopolov'],['Robin-Haase']
1156,60,33,['Robin-Haase'],['Alexandr-Dolgopolov']
1157,34,33,['Tomas-Berdych'],['Alexandr-Dolgopolov']
1158,33,45,['Alexandr-Dolgopolov'],['Juan-Carlos-Ferrero']
1159,83,33,['Fernando-Gonzalez'],['Alexandr-Dolgopolov']
1160,33,92,['Alexandr-Dolgopolov'],['Andreas-Haider-Maurer']
1161,80,33,['Viktor-Troicki'],['Alexandr-Dolgopolov']
1162,33,85,['Alexandr-Dolgopolov'],['Pere-Riba']
1163,33,56,['Alexandr-Dolgopolov'],['Victor-Hanescu']
1164,56,33,['Victor-Hanescu'],['Alexandr-Dolgopolov']
1165,33,74,['Alexandr-Dolgopolov'],['Potito-Starace']
1166,74,33,['Potito-Starace'],['Alexandr-Dolgopolov']
1167,41,33,['Nikolay-Davydenko'],['Alexandr-Dolgopolov']
1168,40,33,['Ernests-Gulbis'],['Alexandr-Dolgopolov']
1169,33,49,['Alexandr-Dolgopolov'],['Andreas-Seppi']
1170,33,47,['Alexandr-Dolgopolov'],['Stanislas-Wawrinka']
1171,33,86,['Alexandr-Dolgopolov'],['Ruben-Ramirez-Hidalgo']
1172,43,33,['Nicolas-Almagro'],['Alexandr-Dolgopolov']
1173,33,52,['Alexandr-Dolgopolov'],['Mikhail-Kukushkin']
1174,33,64,['Alexandr-Dolgopolov'],['Sam-Querrey']
1175,42,33,['Gilles-Simon'],['Alexandr-Dolgopolov']
1176,33,78,['Alexandr-Dolgopolov'],['Igor-Andreev']
1177,34,48,['Tomas-Berdych'],['Janko-Tipsarevic']
1178,34,48,['Tomas-Berdych'],['Janko-Tipsarevic']
1179,48,34,['Janko-Tipsarevic'],['Tomas-Berdych']
1180,48,34,['Janko-Tipsarevic'],['Tomas-Berdych']
1181,34,77,['Tomas-Berdych'],['Jurgen-Melzer']
1182,34,69,['Tomas-Berdych'],['Philipp-Kohlschreiber']
1183,34,69,['Tomas-Berdych'],['Philipp-Kohlschreiber']
1184,34,44,['Tomas-Berdych'],['Fabio-Fognini']
1185,34,43,['Tomas-Berdych'],['Nicolas-Almagro']
1186,43,34,['Nicolas-Almagro'],['Tomas-Berdych']
1187,34,36,['Tomas-Berdych'],['Ivo-Karlovic']
1188,34,82,['Tomas-Berdych'],['Alex-Bogomolov-Jr']
1189,34,80,['Tomas-Berdych'],['Viktor-Troicki']
1190,34,65,['Tomas-Berdych'],['Philipp-Petzschner']
1191,65,34,['Philipp-Petzschner'],['Tomas-Berdych']
1192,34,61,['Tomas-Berdych'],['Adrian-Mannarino']
1193,34,40,['Tomas-Berdych'],['Ernests-Gulbis']
1194,34,46,['Tomas-Berdych'],['Marcel-Granollers']
1195,34,90,['Tomas-Berdych'],['Thomaz-Bellucci']
1196,90,34,['Thomaz-Bellucci'],['Tomas-Berdych']
1197,34,37,['Tomas-Berdych'],['Olivier-Rochus']
1198,34,86,['Tomas-Berdych'],['Ruben-Ramirez-Hidalgo']
1199,34,51,['Tomas-Berdych'],['Carlos-Berlocq']
1200,34,87,['Tomas-Berdych'],['Lukasz-Kubot']
1201,47,34,['Stanislas-Wawrinka'],['Tomas-Berdych']
1202,47,34,['Stanislas-Wawrinka'],['Tomas-Berdych']
1203,34,52,['Tomas-Berdych'],['Mikhail-Kukushkin']
1204,34,93,['Tomas-Berdych'],['Jeremy-Chardy']
1205,34,41,['Tomas-Berdych'],['Nikolay-Davydenko']
1206,34,62,['Tomas-Berdych'],['Dmitry-Tursunov']
1207,35,39,['Somdev-K-Devvarman'],['Karol-Beck']
1208,53,35,['Mikhail-Youzhny'],['Somdev-K-Devvarman']
1209,35,61,['Somdev-K-Devvarman'],['Adrian-Mannarino']
1210,61,35,['Adrian-Mannarino'],['Somdev-K-Devvarman']
1211,35,52,['Somdev-K-Devvarman'],['Mikhail-Kukushkin']
1212,35,48,['Somdev-K-Devvarman'],['Janko-Tipsarevic']
1213,48,35,['Janko-Tipsarevic'],['Somdev-K-Devvarman']
1214,35,88,['Somdev-K-Devvarman'],['Robert-Kendrick']
1215,35,74,['Somdev-K-Devvarman'],['Potito-Starace']
1216,35,76,['Somdev-K-Devvarman'],['Xavier-Malisse']
1217,80,35,['Viktor-Troicki'],['Somdev-K-Devvarman']
1218,63,35,['Kevin-Anderson'],['Somdev-K-Devvarman']
1219,70,35,['Tommy-Robredo'],['Somdev-K-Devvarman']
1220,36,64,['Ivo-Karlovic'],['Sam-Querrey']
1221,36,64,['Ivo-Karlovic'],['Sam-Querrey']
1222,36,66,['Ivo-Karlovic'],['James-Blake']
1223,36,83,['Ivo-Karlovic'],['Fernando-Gonzalez']
1224,43,36,['Nicolas-Almagro'],['Ivo-Karlovic']
1225,36,65,['Ivo-Karlovic'],['Philipp-Petzschner']
1226,65,36,['Philipp-Petzschner'],['Ivo-Karlovic']
1227,36,48,['Ivo-Karlovic'],['Janko-Tipsarevic']
1228,48,36,['Janko-Tipsarevic'],['Ivo-Karlovic']
1229,87,36,['Lukasz-Kubot'],['Ivo-Karlovic']
1230,63,36,['Kevin-Anderson'],['Ivo-Karlovic']
1231,36,68,['Ivo-Karlovic'],['Igor-Kunitsyn']
1232,36,42,['Ivo-Karlovic'],['Gilles-Simon']
1233,36,91,['Ivo-Karlovic'],['Albert-Montanes']
1234,36,95,['Ivo-Karlovic'],['Lukas-Rosol']
1235,36,69,['Ivo-Karlovic'],['Philipp-Kohlschreiber']
1236,41,36,['Nikolay-Davydenko'],['Ivo-Karlovic']
1237,48,37,['Janko-Tipsarevic'],['Olivier-Rochus']
1238,66,37,['James-Blake'],['Olivier-Rochus']
1239,77,37,['Jurgen-Melzer'],['Olivier-Rochus']
1240,78,37,['Igor-Andreev'],['Olivier-Rochus']
1241,37,55,['Olivier-Rochus'],['Sergiy-Stakhovsky']
1242,44,37,['Fabio-Fognini'],['Olivier-Rochus']
1243,37,71,['Olivier-Rochus'],['Lleyton-Hewitt']
1244,37,51,['Olivier-Rochus'],['Carlos-Berlocq']
1245,49,37,['Andreas-Seppi'],['Olivier-Rochus']
1246,67,37,['Denis-Istomin'],['Olivier-Rochus']
1247,75,37,['Rui-Machado'],['Olivier-Rochus']
1248,63,37,['Kevin-Anderson'],['Olivier-Rochus']
1249,37,79,['Olivier-Rochus'],['Juan-Ignacio-Chela']
1250,37,53,['Olivier-Rochus'],['Mikhail-Youzhny']
1251,37,86,['Olivier-Rochus'],['Ruben-Ramirez-Hidalgo']
1252,37,95,['Olivier-Rochus'],['Lukas-Rosol']
1253,38,63,['Bernard-Tomic'],['Kevin-Anderson']
1254,38,80,['Bernard-Tomic'],['Viktor-Troicki']
1255,80,38,['Viktor-Troicki'],['Bernard-Tomic']
1256,38,47,['Bernard-Tomic'],['Stanislas-Wawrinka']
1257,38,78,['Bernard-Tomic'],['Igor-Andreev']
1258,78,38,['Igor-Andreev'],['Bernard-Tomic']
1259,38,81,['Bernard-Tomic'],['Yen-Hsun-Lu']
1260,38,41,['Bernard-Tomic'],['Nikolay-Davydenko']
1261,38,76,['Bernard-Tomic'],['Xavier-Malisse']
1262,51,38,['Carlos-Berlocq'],['Bernard-Tomic']
1263,38,75,['Bernard-Tomic'],['Rui-Machado']
1264,38,102,['Bernard-Tomic'],['Rohan-Bopanna']
1265,82,38,['Alex-Bogomolov-Jr'],['Bernard-Tomic']
1266,38,93,['Bernard-Tomic'],['Jeremy-Chardy']
1267,38,68,['Bernard-Tomic'],['Igor-Kunitsyn']
1268,38,84,['Bernard-Tomic'],['Michael-Berrer']
1269,38,87,['Bernard-Tomic'],['Lukasz-Kubot']
1270,96,39,['Rajeev-Ram'],['Karol-Beck']
1271,39,51,['Karol-Beck'],['Carlos-Berlocq']
1272,93,39,['Jeremy-Chardy'],['Karol-Beck']
1273,39,54,['Karol-Beck'],['Grigor-Dimitrov']
1274,95,39,['Lukas-Rosol'],['Karol-Beck']
1275,63,39,['Kevin-Anderson'],['Karol-Beck']
1276,78,39,['Igor-Andreev'],['Karol-Beck']
1277,64,40,['Sam-Querrey'],['Ernests-Gulbis']
1278,95,40,['Lukas-Rosol'],['Ernests-Gulbis']
1279,40,87,['Ernests-Gulbis'],['Lukasz-Kubot']
1280,50,40,['Simone-Bolelli'],['Ernests-Gulbis']
1281,40,53,['Ernests-Gulbis'],['Mikhail-Youzhny']
1282,40,78,['Ernests-Gulbis'],['Igor-Andreev']
1283,40,78,['Ernests-Gulbis'],['Igor-Andreev']
1284,40,45,['Ernests-Gulbis'],['Juan-Carlos-Ferrero']
1285,40,76,['Ernests-Gulbis'],['Xavier-Malisse']
1286,40,82,['Ernests-Gulbis'],['Alex-Bogomolov-Jr']
1287,66,40,['James-Blake'],['Ernests-Gulbis']
1288,62,40,['Dmitry-Tursunov'],['Ernests-Gulbis']
1289,61,40,['Adrian-Mannarino'],['Ernests-Gulbis']
1290,40,44,['Ernests-Gulbis'],['Fabio-Fognini']
1291,40,67,['Ernests-Gulbis'],['Denis-Istomin']
1292,51,40,['Carlos-Berlocq'],['Ernests-Gulbis']
1293,40,81,['Ernests-Gulbis'],['Yen-Hsun-Lu']
1294,40,84,['Ernests-Gulbis'],['Michael-Berrer']
1295,40,55,['Ernests-Gulbis'],['Sergiy-Stakhovsky']
1296,55,40,['Sergiy-Stakhovsky'],['Ernests-Gulbis']
1297,65,40,['Philipp-Petzschner'],['Ernests-Gulbis']
1298,42,40,['Gilles-Simon'],['Ernests-Gulbis']
1299,40,56,['Ernests-Gulbis'],['Victor-Hanescu']
1300,49,41,['Andreas-Seppi'],['Nikolay-Davydenko']
1301,41,42,['Nikolay-Davydenko'],['Gilles-Simon']
1302,42,41,['Gilles-Simon'],['Nikolay-Davydenko']
1303,41,84,['Nikolay-Davydenko'],['Michael-Berrer']
1304,48,41,['Janko-Tipsarevic'],['Nikolay-Davydenko']
1305,48,41,['Janko-Tipsarevic'],['Nikolay-Davydenko']
1306,91,41,['Albert-Montanes'],['Nikolay-Davydenko']
1307,41,72,['Nikolay-Davydenko'],['Ryan-Harrison']
1308,41,87,['Nikolay-Davydenko'],['Lukasz-Kubot']
1309,41,74,['Nikolay-Davydenko'],['Potito-Starace']
1310,41,55,['Nikolay-Davydenko'],['Sergiy-Stakhovsky']
1311,55,41,['Sergiy-Stakhovsky'],['Nikolay-Davydenko']
1312,80,41,['Viktor-Troicki'],['Nikolay-Davydenko']
1313,46,41,['Marcel-Granollers'],['Nikolay-Davydenko']
1314,43,41,['Nicolas-Almagro'],['Nikolay-Davydenko']
1315,60,41,['Robin-Haase'],['Nikolay-Davydenko']
1316,63,41,['Kevin-Anderson'],['Nikolay-Davydenko']
1317,41,44,['Nikolay-Davydenko'],['Fabio-Fognini']
1318,41,44,['Nikolay-Davydenko'],['Fabio-Fognini']
1319,47,41,['Stanislas-Wawrinka'],['Nikolay-Davydenko']
1320,61,42,['Adrian-Mannarino'],['Gilles-Simon']
1321,61,42,['Adrian-Mannarino'],['Gilles-Simon']
1322,42,91,['Gilles-Simon'],['Albert-Montanes']
1323,42,91,['Gilles-Simon'],['Albert-Montanes']
1324,91,42,['Albert-Montanes'],['Gilles-Simon']
1325,46,42,['Marcel-Granollers'],['Gilles-Simon']
1326,42,81,['Gilles-Simon'],['Yen-Hsun-Lu']
1327,42,81,['Gilles-Simon'],['Yen-Hsun-Lu']
1328,42,81,['Gilles-Simon'],['Yen-Hsun-Lu']
1329,42,77,['Gilles-Simon'],['Jurgen-Melzer']
1330,77,42,['Jurgen-Melzer'],['Gilles-Simon']
1331,42,48,['Gilles-Simon'],['Janko-Tipsarevic']
1332,42,48,['Gilles-Simon'],['Janko-Tipsarevic']
1333,65,42,['Philipp-Petzschner'],['Gilles-Simon']
1334,42,55,['Gilles-Simon'],['Sergiy-Stakhovsky']
1335,42,53,['Gilles-Simon'],['Mikhail-Youzhny']
1336,42,53,['Gilles-Simon'],['Mikhail-Youzhny']
1337,53,42,['Mikhail-Youzhny'],['Gilles-Simon']
1338,42,43,['Gilles-Simon'],['Nicolas-Almagro']
1339,42,93,['Gilles-Simon'],['Jeremy-Chardy']
1340,79,42,['Juan-Ignacio-Chela'],['Gilles-Simon']
1341,42,51,['Gilles-Simon'],['Carlos-Berlocq']
1342,42,90,['Gilles-Simon'],['Thomaz-Bellucci']
1343,74,42,['Potito-Starace'],['Gilles-Simon']
1344,42,58,['Gilles-Simon'],['Pablo-Cuevas']
1345,42,95,['Gilles-Simon'],['Lukas-Rosol']
1346,42,80,['Gilles-Simon'],['Viktor-Troicki']
1347,49,43,['Andreas-Seppi'],['Nicolas-Almagro']
1348,43,70,['Nicolas-Almagro'],['Tommy-Robredo']
1349,43,70,['Nicolas-Almagro'],['Tommy-Robredo']
1350,53,43,['Mikhail-Youzhny'],['Nicolas-Almagro']
1351,53,43,['Mikhail-Youzhny'],['Nicolas-Almagro']
1352,43,73,['Nicolas-Almagro'],['Albert-Ramos']
1353,43,91,['Nicolas-Almagro'],['Albert-Montanes']
1354,91,43,['Albert-Montanes'],['Nicolas-Almagro']
1355,43,55,['Nicolas-Almagro'],['Sergiy-Stakhovsky']
1356,43,95,['Nicolas-Almagro'],['Lukas-Rosol']
1357,43,69,['Nicolas-Almagro'],['Philipp-Kohlschreiber']
1358,84,43,['Michael-Berrer'],['Nicolas-Almagro']
1359,87,43,['Lukasz-Kubot'],['Nicolas-Almagro']
1360,43,51,['Nicolas-Almagro'],['Carlos-Berlocq']
1361,43,56,['Nicolas-Almagro'],['Victor-Hanescu']
1362,43,56,['Nicolas-Almagro'],['Victor-Hanescu']
1363,43,56,['Nicolas-Almagro'],['Victor-Hanescu']
1364,43,50,['Nicolas-Almagro'],['Simone-Bolelli']
1365,43,64,['Nicolas-Almagro'],['Sam-Querrey']
1366,43,45,['Nicolas-Almagro'],['Juan-Carlos-Ferrero']
1367,43,46,['Nicolas-Almagro'],['Marcel-Granollers']
1368,77,43,['Jurgen-Melzer'],['Nicolas-Almagro']
1369,43,90,['Nicolas-Almagro'],['Thomaz-Bellucci']
1370,43,79,['Nicolas-Almagro'],['Juan-Ignacio-Chela']
1371,43,79,['Nicolas-Almagro'],['Juan-Ignacio-Chela']
1372,43,75,['Nicolas-Almagro'],['Rui-Machado']
1373,43,78,['Nicolas-Almagro'],['Igor-Andreev']
1374,43,61,['Nicolas-Almagro'],['Adrian-Mannarino']
1375,44,70,['Fabio-Fognini'],['Tommy-Robredo']
1376,70,44,['Tommy-Robredo'],['Fabio-Fognini']
1377,70,44,['Tommy-Robredo'],['Fabio-Fognini']
1378,76,44,['Xavier-Malisse'],['Fabio-Fognini']
1379,44,83,['Fabio-Fognini'],['Fernando-Gonzalez']
1380,44,57,['Fabio-Fognini'],['Horacio-Zeballos']
1381,44,80,['Fabio-Fognini'],['Viktor-Troicki']
1382,80,44,['Viktor-Troicki'],['Fabio-Fognini']
1383,66,44,['James-Blake'],['Fabio-Fognini']
1384,44,75,['Fabio-Fognini'],['Rui-Machado']
1385,44,74,['Fabio-Fognini'],['Potito-Starace']
1386,77,44,['Jurgen-Melzer'],['Fabio-Fognini']
1387,44,67,['Fabio-Fognini'],['Denis-Istomin']
1388,44,91,['Fabio-Fognini'],['Albert-Montanes']
1389,91,44,['Albert-Montanes'],['Fabio-Fognini']
1390,91,44,['Albert-Montanes'],['Fabio-Fognini']
1391,47,44,['Stanislas-Wawrinka'],['Fabio-Fognini']
1392,47,44,['Stanislas-Wawrinka'],['Fabio-Fognini']
1393,44,63,['Fabio-Fognini'],['Kevin-Anderson']
1394,92,44,['Andreas-Haider-Maurer'],['Fabio-Fognini']
1395,44,87,['Fabio-Fognini'],['Lukasz-Kubot']
1396,44,73,['Fabio-Fognini'],['Albert-Ramos']
1397,44,90,['Fabio-Fognini'],['Thomaz-Bellucci']
1398,45,68,['Juan-Carlos-Ferrero'],['Igor-Kunitsyn']
1399,45,82,['Juan-Carlos-Ferrero'],['Alex-Bogomolov-Jr']
1400,45,53,['Juan-Carlos-Ferrero'],['Mikhail-Youzhny']
1401,45,53,['Juan-Carlos-Ferrero'],['Mikhail-Youzhny']
1402,45,90,['Juan-Carlos-Ferrero'],['Thomaz-Bellucci']
1403,45,46,['Juan-Carlos-Ferrero'],['Marcel-Granollers']
1404,45,46,['Juan-Carlos-Ferrero'],['Marcel-Granollers']
1405,45,46,['Juan-Carlos-Ferrero'],['Marcel-Granollers']
1406,48,45,['Janko-Tipsarevic'],['Juan-Carlos-Ferrero']
1407,45,51,['Juan-Carlos-Ferrero'],['Carlos-Berlocq']
1408,45,76,['Juan-Carlos-Ferrero'],['Xavier-Malisse']
1409,93,46,['Jeremy-Chardy'],['Marcel-Granollers']
1410,46,78,['Marcel-Granollers'],['Igor-Andreev']
1411,78,46,['Igor-Andreev'],['Marcel-Granollers']
1412,46,82,['Marcel-Granollers'],['Alex-Bogomolov-Jr']
1413,82,46,['Alex-Bogomolov-Jr'],['Marcel-Granollers']
1414,46,76,['Marcel-Granollers'],['Xavier-Malisse']
1415,46,52,['Marcel-Granollers'],['Mikhail-Kukushkin']
1416,79,46,['Juan-Ignacio-Chela'],['Marcel-Granollers']
1417,46,47,['Marcel-Granollers'],['Stanislas-Wawrinka']
1418,46,47,['Marcel-Granollers'],['Stanislas-Wawrinka']
1419,46,53,['Marcel-Granollers'],['Mikhail-Youzhny']
1420,53,46,['Mikhail-Youzhny'],['Marcel-Granollers']
1421,53,46,['Mikhail-Youzhny'],['Marcel-Granollers']
1422,46,49,['Marcel-Granollers'],['Andreas-Seppi']
1423,46,80,['Marcel-Granollers'],['Viktor-Troicki']
1424,80,46,['Viktor-Troicki'],['Marcel-Granollers']
1425,73,46,['Albert-Ramos'],['Marcel-Granollers']
1426,77,46,['Jurgen-Melzer'],['Marcel-Granollers']
1427,46,62,['Marcel-Granollers'],['Dmitry-Tursunov']
1428,69,46,['Philipp-Kohlschreiber'],['Marcel-Granollers']
1429,47,60,['Stanislas-Wawrinka'],['Robin-Haase']
1430,47,60,['Stanislas-Wawrinka'],['Robin-Haase']
1431,47,71,['Stanislas-Wawrinka'],['Lleyton-Hewitt']
1432,47,63,['Stanislas-Wawrinka'],['Kevin-Anderson']
1433,47,74,['Stanislas-Wawrinka'],['Potito-Starace']
1434,50,47,['Simone-Bolelli'],['Stanislas-Wawrinka']
1435,89,47,['Dustin-Brown'],['Stanislas-Wawrinka']
1436,47,51,['Stanislas-Wawrinka'],['Carlos-Berlocq']
1437,47,56,['Stanislas-Wawrinka'],['Victor-Hanescu']
1438,79,47,['Juan-Ignacio-Chela'],['Stanislas-Wawrinka']
1439,47,54,['Stanislas-Wawrinka'],['Grigor-Dimitrov']
1440,47,102,['Stanislas-Wawrinka'],['Rohan-Bopanna']
1441,47,76,['Stanislas-Wawrinka'],['Xavier-Malisse']
1442,48,82,['Janko-Tipsarevic'],['Alex-Bogomolov-Jr']
1443,48,82,['Janko-Tipsarevic'],['Alex-Bogomolov-Jr']
1444,48,84,['Janko-Tipsarevic'],['Michael-Berrer']
1445,48,84,['Janko-Tipsarevic'],['Michael-Berrer']
1446,48,74,['Janko-Tipsarevic'],['Potito-Starace']
1447,48,68,['Janko-Tipsarevic'],['Igor-Kunitsyn']
1448,48,62,['Janko-Tipsarevic'],['Dmitry-Tursunov']
1449,62,48,['Dmitry-Tursunov'],['Janko-Tipsarevic']
1450,48,80,['Janko-Tipsarevic'],['Viktor-Troicki']
1451,48,65,['Janko-Tipsarevic'],['Philipp-Petzschner']
1452,48,65,['Janko-Tipsarevic'],['Philipp-Petzschner']
1453,48,54,['Janko-Tipsarevic'],['Grigor-Dimitrov']
1454,48,54,['Janko-Tipsarevic'],['Grigor-Dimitrov']
1455,48,52,['Janko-Tipsarevic'],['Mikhail-Kukushkin']
1456,49,48,['Andreas-Seppi'],['Janko-Tipsarevic']
1457,48,85,['Janko-Tipsarevic'],['Pere-Riba']
1458,69,48,['Philipp-Kohlschreiber'],['Janko-Tipsarevic']
1459,48,60,['Janko-Tipsarevic'],['Robin-Haase']
1460,64,48,['Sam-Querrey'],['Janko-Tipsarevic']
1461,48,59,['Janko-Tipsarevic'],['Eduardo-Schwank']
1462,76,48,['Xavier-Malisse'],['Janko-Tipsarevic']
1463,49,64,['Andreas-Seppi'],['Sam-Querrey']
1464,49,78,['Andreas-Seppi'],['Igor-Andreev']
1465,49,78,['Andreas-Seppi'],['Igor-Andreev']
1466,49,78,['Andreas-Seppi'],['Igor-Andreev']
1467,84,49,['Michael-Berrer'],['Andreas-Seppi']
1468,79,49,['Juan-Ignacio-Chela'],['Andreas-Seppi']
1469,49,67,['Andreas-Seppi'],['Denis-Istomin']
1470,49,67,['Andreas-Seppi'],['Denis-Istomin']
1471,49,85,['Andreas-Seppi'],['Pere-Riba']
1472,49,60,['Andreas-Seppi'],['Robin-Haase']
1473,60,49,['Robin-Haase'],['Andreas-Seppi']
1474,49,91,['Andreas-Seppi'],['Albert-Montanes']
1475,49,68,['Andreas-Seppi'],['Igor-Kunitsyn']
1476,71,49,['Lleyton-Hewitt'],['Andreas-Seppi']
1477,90,49,['Thomaz-Bellucci'],['Andreas-Seppi']
1478,56,49,['Victor-Hanescu'],['Andreas-Seppi']
1479,65,49,['Philipp-Petzschner'],['Andreas-Seppi']
1480,77,49,['Jurgen-Melzer'],['Andreas-Seppi']
1481,49,94,['Andreas-Seppi'],['Arnaud-Clement']
1482,69,49,['Philipp-Kohlschreiber'],['Andreas-Seppi']
1483,81,50,['Yen-Hsun-Lu'],['Simone-Bolelli']
1484,54,50,['Grigor-Dimitrov'],['Simone-Bolelli']
1485,50,59,['Simone-Bolelli'],['Eduardo-Schwank']
1486,50,52,['Simone-Bolelli'],['Mikhail-Kukushkin']
1487,82,50,['Alex-Bogomolov-Jr'],['Simone-Bolelli']
1488,69,51,['Philipp-Kohlschreiber'],['Carlos-Berlocq']
1489,69,51,['Philipp-Kohlschreiber'],['Carlos-Berlocq']
1490,69,51,['Philipp-Kohlschreiber'],['Carlos-Berlocq']
1491,51,92,['Carlos-Berlocq'],['Andreas-Haider-Maurer']
1492,51,92,['Carlos-Berlocq'],['Andreas-Haider-Maurer']
1493,51,92,['Carlos-Berlocq'],['Andreas-Haider-Maurer']
1494,51,92,['Carlos-Berlocq'],['Andreas-Haider-Maurer']
1495,51,85,['Carlos-Berlocq'],['Pere-Riba']
1496,51,70,['Carlos-Berlocq'],['Tommy-Robredo']
1497,51,60,['Carlos-Berlocq'],['Robin-Haase']
1498,60,51,['Robin-Haase'],['Carlos-Berlocq']
1499,53,51,['Mikhail-Youzhny'],['Carlos-Berlocq']
1500,51,86,['Carlos-Berlocq'],['Ruben-Ramirez-Hidalgo']
1501,51,73,['Carlos-Berlocq'],['Albert-Ramos']
1502,87,51,['Lukasz-Kubot'],['Carlos-Berlocq']
1503,87,51,['Lukasz-Kubot'],['Carlos-Berlocq']
1504,58,51,['Pablo-Cuevas'],['Carlos-Berlocq']
1505,66,51,['James-Blake'],['Carlos-Berlocq']
1506,90,51,['Thomaz-Bellucci'],['Carlos-Berlocq']
1507,52,92,['Mikhail-Kukushkin'],['Andreas-Haider-Maurer']
1508,92,52,['Andreas-Haider-Maurer'],['Mikhail-Kukushkin']
1509,52,66,['Mikhail-Kukushkin'],['James-Blake']
1510,66,52,['James-Blake'],['Mikhail-Kukushkin']
1511,66,52,['James-Blake'],['Mikhail-Kukushkin']
1512,84,52,['Michael-Berrer'],['Mikhail-Kukushkin']
1513,52,95,['Mikhail-Kukushkin'],['Lukas-Rosol']
1514,52,95,['Mikhail-Kukushkin'],['Lukas-Rosol']
1515,82,52,['Alex-Bogomolov-Jr'],['Mikhail-Kukushkin']
1516,52,91,['Mikhail-Kukushkin'],['Albert-Montanes']
1517,91,52,['Albert-Montanes'],['Mikhail-Kukushkin']
1518,73,52,['Albert-Ramos'],['Mikhail-Kukushkin']
1519,67,52,['Denis-Istomin'],['Mikhail-Kukushkin']
1520,52,81,['Mikhail-Kukushkin'],['Yen-Hsun-Lu']
1521,53,52,['Mikhail-Youzhny'],['Mikhail-Kukushkin']
1522,79,52,['Juan-Ignacio-Chela'],['Mikhail-Kukushkin']
1523,52,64,['Mikhail-Kukushkin'],['Sam-Querrey']
1524,64,52,['Sam-Querrey'],['Mikhail-Kukushkin']
1525,52,103,['Mikhail-Kukushkin'],['Michael-Kohlmann']
1526,87,52,['Lukasz-Kubot'],['Mikhail-Kukushkin']
1527,94,52,['Arnaud-Clement'],['Mikhail-Kukushkin']
1528,69,53,['Philipp-Kohlschreiber'],['Mikhail-Youzhny']
1529,69,53,['Philipp-Kohlschreiber'],['Mikhail-Youzhny']
1530,69,53,['Philipp-Kohlschreiber'],['Mikhail-Youzhny']
1531,53,55,['Mikhail-Youzhny'],['Sergiy-Stakhovsky']
1532,53,61,['Mikhail-Youzhny'],['Adrian-Mannarino']
1533,53,90,['Mikhail-Youzhny'],['Thomaz-Bellucci']
1534,53,67,['Mikhail-Youzhny'],['Denis-Istomin']
1535,53,92,['Mikhail-Youzhny'],['Andreas-Haider-Maurer']
1536,53,65,['Mikhail-Youzhny'],['Philipp-Petzschner']
1537,65,53,['Philipp-Petzschner'],['Mikhail-Youzhny']
1538,91,53,['Albert-Montanes'],['Mikhail-Youzhny']
1539,80,53,['Viktor-Troicki'],['Mikhail-Youzhny']
1540,53,81,['Mikhail-Youzhny'],['Yen-Hsun-Lu']
1541,54,79,['Grigor-Dimitrov'],['Juan-Ignacio-Chela']
1542,82,54,['Alex-Bogomolov-Jr'],['Grigor-Dimitrov']
1543,96,54,['Rajeev-Ram'],['Grigor-Dimitrov']
1544,54,63,['Grigor-Dimitrov'],['Kevin-Anderson']
1545,90,54,['Thomaz-Bellucci'],['Grigor-Dimitrov']
1546,93,54,['Jeremy-Chardy'],['Grigor-Dimitrov']
1547,55,54,['Sergiy-Stakhovsky'],['Grigor-Dimitrov']
1548,62,54,['Dmitry-Tursunov'],['Grigor-Dimitrov']
1549,55,68,['Sergiy-Stakhovsky'],['Igor-Kunitsyn']
1550,80,55,['Viktor-Troicki'],['Sergiy-Stakhovsky']
1551,80,55,['Viktor-Troicki'],['Sergiy-Stakhovsky']
1552,84,55,['Michael-Berrer'],['Sergiy-Stakhovsky']
1553,55,69,['Sergiy-Stakhovsky'],['Philipp-Kohlschreiber']
1554,55,60,['Sergiy-Stakhovsky'],['Robin-Haase']
1555,60,55,['Robin-Haase'],['Sergiy-Stakhovsky']
1556,55,56,['Sergiy-Stakhovsky'],['Victor-Hanescu']
1557,55,91,['Sergiy-Stakhovsky'],['Albert-Montanes']
1558,55,67,['Sergiy-Stakhovsky'],['Denis-Istomin']
1559,74,55,['Potito-Starace'],['Sergiy-Stakhovsky']
1560,55,87,['Sergiy-Stakhovsky'],['Lukasz-Kubot']
1561,70,55,['Tommy-Robredo'],['Sergiy-Stakhovsky']
1562,56,73,['Victor-Hanescu'],['Albert-Ramos']
1563,73,56,['Albert-Ramos'],['Victor-Hanescu']
1564,72,56,['Ryan-Harrison'],['Victor-Hanescu']
1565,85,56,['Pere-Riba'],['Victor-Hanescu']
1566,56,60,['Victor-Hanescu'],['Robin-Haase']
1567,56,61,['Victor-Hanescu'],['Adrian-Mannarino']
1568,76,56,['Xavier-Malisse'],['Victor-Hanescu']
1569,56,75,['Victor-Hanescu'],['Rui-Machado']
1570,56,63,['Victor-Hanescu'],['Kevin-Anderson']
1571,56,63,['Victor-Hanescu'],['Kevin-Anderson']
1572,63,56,['Kevin-Anderson'],['Victor-Hanescu']
1573,56,84,['Victor-Hanescu'],['Michael-Berrer']
1574,74,56,['Potito-Starace'],['Victor-Hanescu']
1575,82,56,['Alex-Bogomolov-Jr'],['Victor-Hanescu']
1576,61,57,['Adrian-Mannarino'],['Horacio-Zeballos']
1577,75,57,['Rui-Machado'],['Horacio-Zeballos']
1578,57,82,['Horacio-Zeballos'],['Alex-Bogomolov-Jr']
1579,57,88,['Horacio-Zeballos'],['Robert-Kendrick']
1580,57,72,['Horacio-Zeballos'],['Ryan-Harrison']
1581,57,59,['Horacio-Zeballos'],['Eduardo-Schwank']
1582,79,57,['Juan-Ignacio-Chela'],['Horacio-Zeballos']
1583,74,57,['Potito-Starace'],['Horacio-Zeballos']
1584,58,87,['Pablo-Cuevas'],['Lukasz-Kubot']
1585,87,58,['Lukasz-Kubot'],['Pablo-Cuevas']
1586,58,85,['Pablo-Cuevas'],['Pere-Riba']
1587,58,90,['Pablo-Cuevas'],['Thomaz-Bellucci']
1588,63,58,['Kevin-Anderson'],['Pablo-Cuevas']
1589,58,66,['Pablo-Cuevas'],['James-Blake']
1590,58,84,['Pablo-Cuevas'],['Michael-Berrer']
1591,58,74,['Pablo-Cuevas'],['Potito-Starace']
1592,74,58,['Potito-Starace'],['Pablo-Cuevas']
1593,60,58,['Robin-Haase'],['Pablo-Cuevas']
1594,59,75,['Eduardo-Schwank'],['Rui-Machado']
1595,93,59,['Jeremy-Chardy'],['Eduardo-Schwank']
1596,59,98,['Eduardo-Schwank'],['Juan-Sebastian-Cabal']
1597,59,89,['Eduardo-Schwank'],['Dustin-Brown']
1598,59,79,['Eduardo-Schwank'],['Juan-Ignacio-Chela']
1599,87,59,['Lukasz-Kubot'],['Eduardo-Schwank']
1600,87,59,['Lukasz-Kubot'],['Eduardo-Schwank']
1601,59,78,['Eduardo-Schwank'],['Igor-Andreev']
1602,78,59,['Igor-Andreev'],['Eduardo-Schwank']
1603,60,75,['Robin-Haase'],['Rui-Machado']
1604,60,66,['Robin-Haase'],['James-Blake']
1605,60,74,['Robin-Haase'],['Potito-Starace']
1606,60,91,['Robin-Haase'],['Albert-Montanes']
1607,63,60,['Kevin-Anderson'],['Robin-Haase']
1608,60,85,['Robin-Haase'],['Pere-Riba']
1609,92,60,['Andreas-Haider-Maurer'],['Robin-Haase']
1610,60,81,['Robin-Haase'],['Yen-Hsun-Lu']
1611,77,60,['Jurgen-Melzer'],['Robin-Haase']
1612,61,95,['Adrian-Mannarino'],['Lukas-Rosol']
1613,95,61,['Lukas-Rosol'],['Adrian-Mannarino']
1614,61,62,['Adrian-Mannarino'],['Dmitry-Tursunov']
1615,82,61,['Alex-Bogomolov-Jr'],['Adrian-Mannarino']
1616,73,61,['Albert-Ramos'],['Adrian-Mannarino']
1617,61,79,['Adrian-Mannarino'],['Juan-Ignacio-Chela']
1618,93,61,['Jeremy-Chardy'],['Adrian-Mannarino']
1619,86,61,['Ruben-Ramirez-Hidalgo'],['Adrian-Mannarino']
1620,71,61,['Lleyton-Hewitt'],['Adrian-Mannarino']
1621,63,61,['Kevin-Anderson'],['Adrian-Mannarino']
1622,61,72,['Adrian-Mannarino'],['Ryan-Harrison']
1623,61,94,['Adrian-Mannarino'],['Arnaud-Clement']
1624,74,62,['Potito-Starace'],['Dmitry-Tursunov']
1625,62,73,['Dmitry-Tursunov'],['Albert-Ramos']
1626,62,90,['Dmitry-Tursunov'],['Thomaz-Bellucci']
1627,80,62,['Viktor-Troicki'],['Dmitry-Tursunov']
1628,80,62,['Viktor-Troicki'],['Dmitry-Tursunov']
1629,62,77,['Dmitry-Tursunov'],['Jurgen-Melzer']
1630,77,62,['Jurgen-Melzer'],['Dmitry-Tursunov']
1631,62,88,['Dmitry-Tursunov'],['Robert-Kendrick']
1632,62,76,['Dmitry-Tursunov'],['Xavier-Malisse']
1633,76,62,['Xavier-Malisse'],['Dmitry-Tursunov']
1634,62,104,['Dmitry-Tursunov'],['Simon-Aspelin']
1635,62,65,['Dmitry-Tursunov'],['Philipp-Petzschner']
1636,62,95,['Dmitry-Tursunov'],['Lukas-Rosol']
1637,63,92,['Kevin-Anderson'],['Andreas-Haider-Maurer']
1638,63,77,['Kevin-Anderson'],['Jurgen-Melzer']
1639,63,91,['Kevin-Anderson'],['Albert-Montanes']
1640,63,76,['Kevin-Anderson'],['Xavier-Malisse']
1641,80,63,['Viktor-Troicki'],['Kevin-Anderson']
1642,79,63,['Juan-Ignacio-Chela'],['Kevin-Anderson']
1643,64,63,['Sam-Querrey'],['Kevin-Anderson']
1644,88,63,['Robert-Kendrick'],['Kevin-Anderson']
1645,64,73,['Sam-Querrey'],['Albert-Ramos']
1646,64,69,['Sam-Querrey'],['Philipp-Kohlschreiber']
1647,80,64,['Viktor-Troicki'],['Sam-Querrey']
1648,70,64,['Tommy-Robredo'],['Sam-Querrey']
1649,64,89,['Sam-Querrey'],['Dustin-Brown']
1650,64,67,['Sam-Querrey'],['Denis-Istomin']
1651,87,64,['Lukasz-Kubot'],['Sam-Querrey']
1652,65,87,['Philipp-Petzschner'],['Lukasz-Kubot']
1653,65,73,['Philipp-Petzschner'],['Albert-Ramos']
1654,65,69,['Philipp-Petzschner'],['Philipp-Kohlschreiber']
1655,69,65,['Philipp-Kohlschreiber'],['Philipp-Petzschner']
1656,65,78,['Philipp-Petzschner'],['Igor-Andreev']
1657,65,74,['Philipp-Petzschner'],['Potito-Starace']
1658,65,77,['Philipp-Petzschner'],['Jurgen-Melzer']
1659,65,89,['Philipp-Petzschner'],['Dustin-Brown']
1660,79,65,['Juan-Ignacio-Chela'],['Philipp-Petzschner']
1661,82,65,['Alex-Bogomolov-Jr'],['Philipp-Petzschner']
1662,66,84,['James-Blake'],['Michael-Berrer']
1663,66,82,['James-Blake'],['Alex-Bogomolov-Jr']
1664,66,90,['James-Blake'],['Thomaz-Bellucci']
1665,88,66,['Robert-Kendrick'],['James-Blake']
1666,80,67,['Viktor-Troicki'],['Denis-Istomin']
1667,67,69,['Denis-Istomin'],['Philipp-Kohlschreiber']
1668,67,69,['Denis-Istomin'],['Philipp-Kohlschreiber']
1669,67,105,['Denis-Istomin'],['Mikhail-Elgin']
1670,67,105,['Denis-Istomin'],['Mikhail-Elgin']
1671,68,82,['Igor-Kunitsyn'],['Alex-Bogomolov-Jr']
1672,82,68,['Alex-Bogomolov-Jr'],['Igor-Kunitsyn']
1673,76,68,['Xavier-Malisse'],['Igor-Kunitsyn']
1674,68,77,['Igor-Kunitsyn'],['Jurgen-Melzer']
1675,68,83,['Igor-Kunitsyn'],['Fernando-Gonzalez']
1676,68,88,['Igor-Kunitsyn'],['Robert-Kendrick']
1677,68,88,['Igor-Kunitsyn'],['Robert-Kendrick']
1678,88,68,['Robert-Kendrick'],['Igor-Kunitsyn']
1679,88,68,['Robert-Kendrick'],['Igor-Kunitsyn']
1680,69,94,['Philipp-Kohlschreiber'],['Arnaud-Clement']
1681,82,69,['Alex-Bogomolov-Jr'],['Philipp-Kohlschreiber']
1682,93,69,['Jeremy-Chardy'],['Philipp-Kohlschreiber']
1683,69,70,['Philipp-Kohlschreiber'],['Tommy-Robredo']
1684,69,91,['Philipp-Kohlschreiber'],['Albert-Montanes']
1685,91,69,['Albert-Montanes'],['Philipp-Kohlschreiber']
1686,69,71,['Philipp-Kohlschreiber'],['Lleyton-Hewitt']
1687,79,69,['Juan-Ignacio-Chela'],['Philipp-Kohlschreiber']
1688,69,80,['Philipp-Kohlschreiber'],['Viktor-Troicki']
1689,69,81,['Philipp-Kohlschreiber'],['Yen-Hsun-Lu']
1690,70,86,['Tommy-Robredo'],['Ruben-Ramirez-Hidalgo']
1691,81,70,['Yen-Hsun-Lu'],['Tommy-Robredo']
1692,80,70,['Viktor-Troicki'],['Tommy-Robredo']
1693,70,73,['Tommy-Robredo'],['Albert-Ramos']
1694,90,70,['Thomaz-Bellucci'],['Tommy-Robredo']
1695,96,71,['Rajeev-Ram'],['Lleyton-Hewitt']
1696,71,81,['Lleyton-Hewitt'],['Yen-Hsun-Lu']
1697,81,71,['Yen-Hsun-Lu'],['Lleyton-Hewitt']
1698,72,80,['Ryan-Harrison'],['Viktor-Troicki']
1699,80,72,['Viktor-Troicki'],['Ryan-Harrison']
1700,72,79,['Ryan-Harrison'],['Juan-Ignacio-Chela']
1701,72,81,['Ryan-Harrison'],['Yen-Hsun-Lu']
1702,72,76,['Ryan-Harrison'],['Xavier-Malisse']
1703,72,96,['Ryan-Harrison'],['Rajeev-Ram']
1704,94,72,['Arnaud-Clement'],['Ryan-Harrison']
1705,84,72,['Michael-Berrer'],['Ryan-Harrison']
1706,72,93,['Ryan-Harrison'],['Jeremy-Chardy']
1707,72,88,['Ryan-Harrison'],['Robert-Kendrick']
1708,76,73,['Xavier-Malisse'],['Albert-Ramos']
1709,73,85,['Albert-Ramos'],['Pere-Riba']
1710,73,85,['Albert-Ramos'],['Pere-Riba']
1711,85,73,['Pere-Riba'],['Albert-Ramos']
1712,73,78,['Albert-Ramos'],['Igor-Andreev']
1713,73,81,['Albert-Ramos'],['Yen-Hsun-Lu']
1714,73,86,['Albert-Ramos'],['Ruben-Ramirez-Hidalgo']
1715,73,84,['Albert-Ramos'],['Michael-Berrer']
1716,93,74,['Jeremy-Chardy'],['Potito-Starace']
1717,85,74,['Pere-Riba'],['Potito-Starace']
1718,85,74,['Pere-Riba'],['Potito-Starace']
1719,74,84,['Potito-Starace'],['Michael-Berrer']
1720,74,79,['Potito-Starace'],['Juan-Ignacio-Chela']
1721,95,74,['Lukas-Rosol'],['Potito-Starace']
1722,78,74,['Igor-Andreev'],['Potito-Starace']
1723,74,80,['Potito-Starace'],['Viktor-Troicki']
1724,74,86,['Potito-Starace'],['Ruben-Ramirez-Hidalgo']
1725,74,87,['Potito-Starace'],['Lukasz-Kubot']
1726,75,91,['Rui-Machado'],['Albert-Montanes']
1727,95,75,['Lukas-Rosol'],['Rui-Machado']
1728,86,75,['Ruben-Ramirez-Hidalgo'],['Rui-Machado']
1729,79,75,['Juan-Ignacio-Chela'],['Rui-Machado']
1730,90,75,['Thomaz-Bellucci'],['Rui-Machado']
1731,76,84,['Xavier-Malisse'],['Michael-Berrer']
1732,92,76,['Andreas-Haider-Maurer'],['Xavier-Malisse']
1733,76,77,['Xavier-Malisse'],['Jurgen-Melzer']
1734,76,82,['Xavier-Malisse'],['Alex-Bogomolov-Jr']
1735,76,81,['Xavier-Malisse'],['Yen-Hsun-Lu']
1736,76,91,['Xavier-Malisse'],['Albert-Montanes']
1737,91,76,['Albert-Montanes'],['Xavier-Malisse']
1738,94,76,['Arnaud-Clement'],['Xavier-Malisse']
1739,78,77,['Igor-Andreev'],['Jurgen-Melzer']
1740,95,77,['Lukas-Rosol'],['Jurgen-Melzer']
1741,77,91,['Jurgen-Melzer'],['Albert-Montanes']
1742,93,77,['Jeremy-Chardy'],['Jurgen-Melzer']
1743,77,85,['Jurgen-Melzer'],['Pere-Riba']
1744,84,78,['Michael-Berrer'],['Igor-Andreev']
1745,90,78,['Thomaz-Bellucci'],['Igor-Andreev']
1746,80,78,['Viktor-Troicki'],['Igor-Andreev']
1747,78,85,['Igor-Andreev'],['Pere-Riba']
1748,85,78,['Pere-Riba'],['Igor-Andreev']
1749,78,93,['Igor-Andreev'],['Jeremy-Chardy']
1750,79,91,['Juan-Ignacio-Chela'],['Albert-Montanes']
1751,91,79,['Albert-Montanes'],['Juan-Ignacio-Chela']
1752,82,79,['Alex-Bogomolov-Jr'],['Juan-Ignacio-Chela']
1753,79,95,['Juan-Ignacio-Chela'],['Lukas-Rosol']
1754,79,87,['Juan-Ignacio-Chela'],['Lukasz-Kubot']
1755,79,90,['Juan-Ignacio-Chela'],['Thomaz-Bellucci']
1756,80,79,['Viktor-Troicki'],['Juan-Ignacio-Chela']
1757,80,85,['Viktor-Troicki'],['Pere-Riba']
1758,80,82,['Viktor-Troicki'],['Alex-Bogomolov-Jr']
1759,80,93,['Viktor-Troicki'],['Jeremy-Chardy']
1760,80,106,['Viktor-Troicki'],['Robert-Lindstedt']
1761,81,80,['Yen-Hsun-Lu'],['Viktor-Troicki']
1762,80,102,['Viktor-Troicki'],['Rohan-Bopanna']
1763,81,85,['Yen-Hsun-Lu'],['Pere-Riba']
1764,82,90,['Alex-Bogomolov-Jr'],['Thomaz-Bellucci']
1765,82,90,['Alex-Bogomolov-Jr'],['Thomaz-Bellucci']
1766,82,93,['Alex-Bogomolov-Jr'],['Jeremy-Chardy']
1767,95,82,['Lukas-Rosol'],['Alex-Bogomolov-Jr']
1768,83,93,['Fernando-Gonzalez'],['Jeremy-Chardy']
1769,95,83,['Lukas-Rosol'],['Fernando-Gonzalez']
1770,84,105,['Michael-Berrer'],['Mikhail-Elgin']
1771,84,94,['Michael-Berrer'],['Arnaud-Clement']
1772,84,97,['Michael-Berrer'],['Alexander-Peya']
1773,91,84,['Albert-Montanes'],['Michael-Berrer']
1774,85,92,['Pere-Riba'],['Andreas-Haider-Maurer']
1775,86,85,['Ruben-Ramirez-Hidalgo'],['Pere-Riba']
1776,85,94,['Pere-Riba'],['Arnaud-Clement']
1777,93,86,['Jeremy-Chardy'],['Ruben-Ramirez-Hidalgo']
1778,86,89,['Ruben-Ramirez-Hidalgo'],['Dustin-Brown']
1779,91,86,['Albert-Montanes'],['Ruben-Ramirez-Hidalgo']
1780,91,86,['Albert-Montanes'],['Ruben-Ramirez-Hidalgo']
1781,87,86,['Lukasz-Kubot'],['Ruben-Ramirez-Hidalgo']
1782,87,95,['Lukasz-Kubot'],['Lukas-Rosol']
1783,87,94,['Lukasz-Kubot'],['Arnaud-Clement']
1784,90,87,['Thomaz-Bellucci'],['Lukasz-Kubot']
1785,89,105,['Dustin-Brown'],['Mikhail-Elgin']
1786,92,89,['Andreas-Haider-Maurer'],['Dustin-Brown']
1787,89,96,['Dustin-Brown'],['Rajeev-Ram']
1788,96,89,['Rajeev-Ram'],['Dustin-Brown']
1789,95,89,['Lukas-Rosol'],['Dustin-Brown']
1790,100,89,['Santiago-Gonzalez'],['Dustin-Brown']
1791,89,94,['Dustin-Brown'],['Arnaud-Clement']
1792,91,89,['Albert-Montanes'],['Dustin-Brown']
1793,94,95,['Arnaud-Clement'],['Lukas-Rosol']
1794,95,94,['Lukas-Rosol'],['Arnaud-Clement']
1795,94,97,['Arnaud-Clement'],['Alexander-Peya']
1796,94,96,['Arnaud-Clement'],['Rajeev-Ram']
1797,101,95,['Marc-Lopez'],['Lukas-Rosol']
1798,95,96,['Lukas-Rosol'],['Rajeev-Ram']
1799,96,105,['Rajeev-Ram'],['Mikhail-Elgin']
1800,105,107,['Mikhail-Elgin'],['Jean-Julien-Rojer']
